lat,long,PVOUT_csi (kWh/kWp),DNI (kWh/m2),GHI (kWh/m2),DIF (kWh/m2),GTI_opta (kWh/m2),OPTA (°),TEMP (°C),ELE (m)
24.0,78.5,1622.837890625, 1522.078125, 1895.203125, 867.2109375, 2065.25, 27, 24.5625, 538
19.0,79.0,1590.478759765625, 1432.5703125, 1928.5703125, 915.8984375, 2054.421875, 23, 28, 211
24.0,83.5,1574.196044921875, 1396.46875, 1858.8125, 900.8125, 2006.1875, 25, 24.9375, 370
20.0,72.0,1686.185546875, 1591.34375, 1990.7890625, 885.6015625, 2125.109375, 22, 26.6875, -29
18.0,76.0,1572.0477294921875, 1344.03125, 1913.234375, 961.8984375, 2020.53125, 21, 27.25, 528
12.0,77.5,1525.227294921875, 1343.703125, 1913.375, 921.3828125, 1963.109375, 15, 26.4375, 445
18.0,85.5,1542.8863525390625, 1275.90625, 1856.578125, 924.3828125, 1941.84375, 19, 27.375, -2396
30.0,78.5,1573.359130859375, 1391.1875, 1719.4140625, 803.265625, 1927.2109375, 31, 17.625, 1139
20.0,75.5,1613.191650390625, 1478.0859375, 1941.1875, 915.5234375, 2069.6171875, 23, 25.125, 682
22.0,82.5,1593.1915283203125, 1444.8984375, 1893.8671875, 893.15625, 2044.96875, 25, 26.875, 255
25.5,81.0,1520.0706787109375, 1242.609375, 1805.03125, 944.140625, 1942.4921875, 25, 26.0625, 102
25.5,75.5,1658.9501953125, 1598.7890625, 1949.3203125, 879.859375, 2141.6875, 28, 26.5625, 297
20.0,84.5,1490.9708251953125, 1251.890625, 1789.1328125, 901.4140625, 1908.046875, 23, 26.625, 194
13.0,77.5,1584.3009033203125, 1428.40625, 1932.1796875, 900.046875, 2001.40625, 17, 23.4375, 906
27.5,79.0,1503.9267578125, 1195.46875, 1766.359375, 947.765625, 1912.34375, 26, 24.9375, 160
27.0,75.5,1668.53857421875, 1567.1171875, 1922.640625, 890.03125, 2136.171875, 29, 25.125, 415
13.0,78.0,1608.00927734375, 1459.4921875, 1974.5234375, 915.8515625, 2037.6328125, 16, 23.75, 869
23.0,72.0,1714.8096923828125, 1802.4375, 2024.578125, 819.0625, 2216.7890625, 27, 27.5, 20
24.5,77.5,1634.126708984375, 1530.9609375, 1911.7578125, 879.96875, 2090.8984375, 27, 25.1875, 482
16.5,78.5,1611.556640625, 1457.75, 1969.8046875, 929.8515625, 2072.8515625, 21, 27.125, 419
20.0,81.5,1600.929931640625, 1522.71875, 1894.734375, 848.3125, 2044.1640625, 25, 24.6875, 648
20.0,76.0,1607.6173095703125, 1451.4453125, 1934.96875, 925.515625, 2064.1875, 23, 25.875, 572
23.0,77.5,1609.4501953125, 1494.8515625, 1896.90625, 879.8671875, 2061.65625, 26, 25.5, 500
20.0,72.5,1660.174072265625, 1529.2890625, 1961.1640625, 894.6484375, 2091.6875, 22, 26.625, -26
27.0,79.5,1508.2786865234375, 1199.3125, 1778.765625, 951.8359375, 1919.7265625, 25, 25.1875, 146
25.5,83.0,1490.418701171875, 1176.703125, 1775.1328125, 953.65625, 1898.71875, 24, 25.75, 78
17.0,75.5,1584.884033203125, 1376.4140625, 1937.6171875, 960.2578125, 2038.9375, 21, 27.25, 553
24.0,82.0,1587.7227783203125, 1437.34375, 1864.6640625, 875.1328125, 2018.359375, 26, 24.4375, 484
29.5,75.5,1536.131103515625, 1277.1640625, 1782.390625, 931.296875, 1958.953125, 28, 25.125, 213
21.5,85.0,1540.4677734375, 1321.828125, 1831.71875, 902.53125, 1966.7578125, 24, 26.8125, 136
23.0,81.5,1622.908935546875, 1558.75, 1878.921875, 835.890625, 2052.1796875, 26, 22.8125, 827
20.0,81.0,1582.7828369140625, 1485.2890625, 1892.9765625, 864.1015625, 2035.0546875, 24, 26.25, 371
17.0,76.5,1580.8868408203125, 1369.671875, 1938.7421875, 963.203125, 2039.203125, 20, 27.9375, 421
21.5,75.5,1594.557861328125, 1517.7578125, 1905.2578125, 859.7109375, 2047.3203125, 25, 24.5625, 589
17.5,78.5,1602.0980224609375, 1438.5078125, 1941.59375, 918.671875, 2051.1796875, 21, 26.1875, 564
17.0,76.0,1578.845947265625, 1360.9296875, 1932.1484375, 966.2109375, 2033.046875, 21, 28, 474
32.0,78.5,1567.765869140625, 1455.7421875, 1653.640625, 648.1875, 1828.890625, 31, -8.0625, 4383
29.5,76.5,1513.787109375, 1239.265625, 1753.90625, 926.75, 1922.828125, 28, 24.4375, 231
23.0,77.0,1615.95068359375, 1504.5390625, 1900.6484375, 878.15625, 2065.078125, 26, 25.3125, 523
25.5,82.0,1510.42138671875, 1218.90625, 1795.796875, 947.0390625, 1926.0234375, 24, 25.8125, 97
35.0,78.0,1545.9737548828125, 1552.453125, 1672.65625, 615.328125, 1888.3984375, 31, -9.1875, 4657
20.0,76.5,1604.1387939453125, 1441.8125, 1928.984375, 924.8984375, 2056.828125, 23, 26, 570
32.0,77.0,1543.6396484375, 1408.6328125, 1598, 680.390625, 1756.4609375, 33, 7.625, 2662
24.0,83.0,1603.1583251953125, 1439.765625, 1884.8984375, 895.2265625, 2040.5390625, 26, 25.375, 377
24.0,78.0,1600.175048828125, 1472.484375, 1882.9140625, 884.921875, 2051.1796875, 26, 25.375, 390
26.0,78.0,1583.9088134765625, 1378.4296875, 1859.4140625, 924.765625, 2027.3828125, 27, 25.8125, 259
21.5,76.0,1613.198974609375, 1522.78125, 1913.1015625, 873.1328125, 2063.765625, 25, 25.0625, 625
22.5,77.0,1605.383056640625, 1492.46875, 1912.5, 888.0546875, 2066.25, 25, 26.5, 272
25.5,78.5,1572.34033203125, 1381.4609375, 1854.1015625, 911.1328125, 2015.2421875, 26, 25.875, 244
25.5,83.5,1485.245361328125, 1165.4453125, 1770.421875, 954.1953125, 1891.15625, 23, 25.8125, 69
18.0,78.0,1611.07177734375, 1437.40625, 1947.5703125, 930.7421875, 2064.4375, 22, 26.5, 515
22.5,77.5,1602.3265380859375, 1493.984375, 1904.3203125, 880.8984375, 2061.2890625, 25, 26.4375, 304
35.0,77.0,1551.46435546875, 1105.625, 1461.3515625, 699.0078125, 1661.8046875, 35, -19.875, 5296
24.5,81.0,1580.7613525390625, 1413.953125, 1865.296875, 896.2265625, 2023.3125, 26, 25.3125, 314
28.0,75.5,1615.888916015625, 1429.2109375, 1864.34375, 920.0859375, 2066.4765625, 29, 25.375, 361
32.0,77.5,1286.0635986328125, 1308.4375, 1531.8515625, 661.1328125, 1718.7109375, 33, 6.6875, 2769
32.0,78.0,1808.83056640625, 1843.28125, 1855.546875, 601.8671875, 2083.5703125, 32, -12.75, 5288
24.5,76.5,1623.206787109375, 1519.9375, 1918.5703125, 889.1484375, 2089.015625, 26, 26.3125, 322
21.5,76.5,1580.6441650390625, 1461.6328125, 1897.984375, 890.484375, 2042.9921875, 24, 26.8125, 323
21.5,85.5,1537.402099609375, 1367.703125, 1814.796875, 870.6953125, 1945.6796875, 24, 23.75, 601
24.5,81.5,1581.860595703125, 1401.1640625, 1864.5234375, 901.0859375, 2020.0703125, 26, 25.25, 327
21.5,75.0,1603.644287109375, 1490.296875, 1922.8515625, 895.890625, 2068.078125, 24, 26.8125, 258
19.0,84.0,1516.5506591796875, 1246.34375, 1798.9296875, 884.515625, 1903.421875, 22, 25.3125, 318
19.0,84.5,1465.7032470703125, 1163.171875, 1749.6796875, 888.796875, 1848.71875, 21, 25.875, 173
24.5,72.5,1752.4443359375, 1915.3125, 2040.453125, 784.0546875, 2262.015625, 28, 26.0625, 263
20.0,80.0,1590.7984619140625, 1468.296875, 1911.0625, 886.7265625, 2052.171875, 24, 27.8125, 204
27.0,74.5,1699.68408203125, 1643.265625, 1956.484375, 874.5625, 2183.7734375, 30, 26, 367
15.5,76.5,1627.3355712890625, 1499.6328125, 2000.1875, 929.34375, 2097.65625, 20, 27.4375, 433
25.5,73.0,1765.3306884765625, 1907.578125, 2050.0390625, 797.3125, 2282.0078125, 29, 26.375, 206
25.5,82.5,1500.1981201171875, 1196.71875, 1785.9765625, 951.0703125, 1913.15625, 24, 25.8125, 88
27.0,74.0,1716.8209228515625, 1703.984375, 1979.1015625, 860.9609375, 2209.4296875, 30, 26.0625, 303
16.5,77.5,1615.8363037109375, 1446.8984375, 1978.2734375, 944.40625, 2081.5703125, 21, 27.8125, 374
35.0,78.5,1731.0379638671875, 1557.2109375, 1671.296875, 616.390625, 1907.421875, 34, -16.1875, 5587
24.0,82.5,1588.5174560546875, 1425.6484375, 1873.75, 892.9296875, 2031.2890625, 26, 25.8125, 298
25.5,73.5,1758.11083984375, 1904.8359375, 2044.71875, 793.8828125, 2274.421875, 29, 26.5, 281
16.5,77.0,1598.9346923828125, 1411.96875, 1963.953125, 956.0078125, 2063.4921875, 20, 28.1875, 359
15.5,76.0,1615.483154296875, 1471.578125, 1967.6640625, 924.140625, 2069.078125, 21, 26.1875, 594
13.0,78.5,1596.1575927734375, 1433.328125, 1972.28125, 923.4375, 2029.25, 16, 24.75, 714
14.5,77.0,1609.8011474609375, 1501.78125, 1984, 912.1484375, 2072.609375, 19, 26.5625, 544
21.5,81.5,1594.0877685546875, 1445.75, 1896.640625, 895.5625, 2045.546875, 25, 26.6875, 291
28.0,76.0,1584.41015625, 1364.359375, 1831.53125, 924.578125, 2024.75, 29, 25.25, 344
12.0,77.0,1585.4342041015625, 1421.484375, 1956.609375, 921.96875, 2020.140625, 16, 24.5625, 676
25.5,78.0,1602.3822021484375, 1429.9296875, 1879.484375, 911.9609375, 2053.375, 27, 25.75, 297
13.5,76.0,1600.88623046875, 1504.34375, 1952.421875, 878.171875, 2035.9296875, 19, 24.0625, 774
10.5,75.5,1569.157470703125, 1294.71875, 1921.9140625, 949.921875, 1970.8125, 14, 27.0625, -110
12.0,76.0,1520.1328125, 1307.5546875, 1859.3125, 904.1171875, 1918.2109375, 16, 22.375, 832
28.0,75.0,1625.28173828125, 1440.203125, 1870.796875, 919.0859375, 2078.859375, 30, 26, 331
24.0,74.5,1674.8350830078125, 1698.234375, 1970.1015625, 832.1484375, 2164.2109375, 27, 26.6875, 227
35.0,77.5,1812.097412109375, 1858.0859375, 1776.7265625, 616.46875, 2059.6796875, 35, -18.75, 5554
21.0,73.0,1622.1612548828125, 1527.5078125, 1941.75, 893.9296875, 2086.640625, 24, 27.4375, 15
23.0,81.0,1613.840576171875, 1556.4765625, 1884.953125, 839.3828125, 2055.8984375, 26, 23.625, 718
23.0,75.5,1634.6767578125, 1561.2421875, 1932.859375, 875, 2101.0546875, 26, 25.4375, 491
13.5,76.5,1619.89208984375, 1530.40625, 1983.765625, 889.7578125, 2066.921875, 18, 24.75, 739
23.0,76.5,1621.9615478515625, 1515.125, 1913.59375, 883.9140625, 2077.5, 26, 25.4375, 492
24.5,72.0,1744.760009765625, 1857.15625, 2033.3515625, 813.484375, 2253.4140625, 29, 26.875, 132
27.0,83.0,1482.9205322265625, 1217.4765625, 1747.7109375, 912.8671875, 1882.28125, 25, 25.1875, 83
16.0,78.5,1563.498291015625, 1385.5390625, 1918.5, 920.171875, 2011.4921875, 20, 27.625, 371
23.0,80.5,1638.029052734375, 1590.2265625, 1909.484375, 837.3203125, 2083, 26, 23.8125, 728
28.0,76.5,1555.5440673828125, 1305.4765625, 1805, 931.859375, 1984.1328125, 28, 25.1875, 281
19.0,79.5,1582.4102783203125, 1426.7890625, 1908.8515625, 903.109375, 2037.40625, 23, 27.75, 191
27.0,78.0,1529.6280517578125, 1252.4921875, 1799.125, 943.6328125, 1952.5625, 26, 25.5, 155
10.5,75.0,1567.742919921875, 1303.3046875, 1923.4140625, 945.265625, 1970.3671875, 14, 27.25, -1548
27.0,83.5,1470.8641357421875, 1203.3125, 1734.2734375, 904.3203125, 1864.4765625, 25, 25, 98
20.5,79.5,1592.6104736328125, 1450.46875, 1909.2890625, 899.4375, 2051.2890625, 24, 27.5625, 228
25.0,83.0,1505.400390625, 1234.3515625, 1802.7578125, 933.9296875, 1927.515625, 24, 25.8125, 136
20.0,80.5,1581.1553955078125, 1463.7265625, 1892.6953125, 877.2890625, 2031.6953125, 24, 26.75, 317
28.5,78.0,1507.6978759765625, 1213.6953125, 1758.75, 938.1796875, 1914.8359375, 27, 24.6875, 207
16.0,78.0,1579.1641845703125, 1397.6328125, 1942.4609375, 941.453125, 2036.2734375, 20, 28.375, 294
31.5,76.5,1564.5438232421875, 1445.9375, 1763.8125, 836.0234375, 1972.53125, 30, 20.25, 707
20.5,79.0,1588.0712890625, 1432.5546875, 1908.96875, 909.6640625, 2047.1015625, 24, 27.6875, 229
24.0,73.5,1737.0633544921875, 1879.96875, 2028.140625, 784.5390625, 2238.6015625, 28, 25.5625, 421
32.5,76.0,1587.77783203125, 1520.2734375, 1703.3984375, 753.90625, 1947.8046875, 31, 10.375, 2324
21.0,73.5,1597.93212890625, 1506.671875, 1920.9453125, 886.609375, 2065.0859375, 24, 26.6875, 132
24.5,84.5,1544.282958984375, 1292.4765625, 1827.171875, 929.125, 1961.890625, 24, 25, 313
32.5,76.5,1466.7265625, 1150.8203125, 1431.265625, 568.4453125, 1488.265625, 33, 4.8125, 2505
31.5,76.0,1498.0479736328125, 1278.484375, 1715.4921875, 881.4453125, 1897.359375, 29, 23.3125, 333
31.0,75.0,1507.1990966796875, 1235.796875, 1741.0703125, 919.921875, 1911.90625, 28, 24.0625, 208
27.5,81.0,1509.0089111328125, 1260.96875, 1775.5546875, 915.2265625, 1917.984375, 25, 24.875, 129
19.0,83.0,1544.5333251953125, 1416.171875, 1828.9140625, 827.6953125, 1944.6953125, 24, 22.9375, 809
27.0,79.0,1517.3084716796875, 1222.25, 1789.453125, 947.453125, 1932.875, 25, 25.3125, 152
31.0,78.5,1569.706298828125, 1457.015625, 1596.1171875, 675.90625, 1846.1015625, 38, -5.4375, 4777
23.0,85.0,1588.8836669921875, 1423.203125, 1859.6015625, 883.4375, 2017.3984375, 26, 24.0625, 534
21.5,72.0,1661.806884765625, 1680.5625, 1990.296875, 853.3828125, 2151.9375, 25, 28, 84
33.5,77.0,1759.382568359375, 1806.7421875, 1838.140625, 596.9140625, 2089.015625, 33, -5.375, 4257
20.5,78.0,1584.78857421875, 1440.2265625, 1916.1328125, 912.078125, 2050.2109375, 24, 27.3125, 346
31.0,75.5,1502.611572265625, 1242.9453125, 1734.5, 910.8359375, 1904.0390625, 28, 23.75, 224
22.5,72.5,1700.96142578125, 1750.34375, 2015.1796875, 834.34375, 2193.3515625, 26, 27.4375, 17
28.5,78.5,1504.2745361328125, 1216.5234375, 1753.3984375, 931.671875, 1909.3515625, 27, 24.5625, 194
17.0,75.0,1580.5999755859375, 1385.84375, 1925.2421875, 943.796875, 2028.75, 21, 26.375, 638
19.0,82.5,1596.2684326171875, 1517.5625, 1893.6875, 840.8984375, 2038.0546875, 24, 24.625, 579
30.0,78.0,1522.158447265625, 1315.296875, 1746.9609375, 882.5390625, 1931.34375, 29, 23.4375, 316
27.0,77.5,1542.9925537109375, 1286.9296875, 1810.625, 936.9609375, 1972.9921875, 27, 25.625, 183
23.5,74.0,1683.4739990234375, 1712, 1982.734375, 834.265625, 2171.8125, 26, 26.9375, 145
24.0,73.0,1728.08837890625, 1876.765625, 2019.796875, 782.765625, 2232.609375, 28, 26.1875, 195
24.5,85.0,1530.1591796875, 1273.015625, 1819.65625, 930.5234375, 1952.8671875, 25, 25.8125, 162
24.0,74.0,1701.9581298828125, 1766.3359375, 2003.9609375, 821.4453125, 2195.7734375, 26, 26.625, 224
23.5,74.5,1666.50341796875, 1681.8984375, 1970.359375, 836.640625, 2152.640625, 26, 26.5, 316
19.5,73.0,1565.944580078125, 1426.625, 1890.9609375, 900.375, 2021.078125, 23, 27.0625, 15
19.5,73.5,1547.2396240234375, 1402.828125, 1867.984375, 891.7890625, 2001.8671875, 24, 26.4375, 235
13.5,75.5,1540.2506103515625, 1419.6171875, 1880.484375, 864.3046875, 1966.5, 20, 23, 810
23.0,85.5,1529.7138671875, 1333.8359375, 1818.5859375, 897.2265625, 1960.4921875, 25, 25.4375, 325
31.5,78.0,1376.111572265625, 1350.2109375, 1531.5703125, 678.1640625, 1728.3671875, 32, 2.75, 3631
27.5,76.0,1606.8133544921875, 1467.6484375, 1874.828125, 905.3046875, 2070.578125, 29, 24.625, 440
31.5,78.5,1355.435546875, 1314.5, 1534.203125, 624.484375, 1677.5703125, 31, -2.75, 3980
19.5,82.5,1597.3153076171875, 1496.359375, 1889.6796875, 855.234375, 2032.9765625, 25, 24.625, 620
27.0,77.0,1575.6126708984375, 1353.546875, 1838.3515625, 926.2578125, 2014.40625, 28, 25.5625, 230
19.0,82.0,1596.580078125, 1503.765625, 1893.5546875, 851.609375, 2035.234375, 24, 24.8125, 589
19.0,74.0,1620.03564453125, 1498.046875, 1952.4609375, 909.28125, 2076.3046875, 22, 24.6875, 617
22.5,72.0,1683.9052734375, 1751.578125, 2008.3046875, 830.65625, 2184.671875, 26, 28.8125, 14
14.5,75.5,1618.748291015625, 1506.7578125, 1969.1171875, 896.71875, 2065.1640625, 20, 25.1875, 597
26.5,74.5,1698.597900390625, 1689.609375, 1966.0078125, 852.59375, 2188.9296875, 29, 25.6875, 432
19.0,74.5,1611.996337890625, 1467.7734375, 1938.015625, 915.8828125, 2060.6953125, 22, 25, 762
22.5,74.5,1660.700439453125, 1639.9375, 1964.2734375, 853.09375, 2135.34375, 26, 25.625, 375
23.5,83.0,1586.60400390625, 1468.96875, 1867.5078125, 867.7734375, 2030.0390625, 26, 24.1875, 576
22.5,74.0,1651.6175537109375, 1628.6640625, 1951.9296875, 851.0546875, 2125.828125, 26, 26.625, 201
27.5,85.0,1456.1795654296875, 1178.4140625, 1645.03125, 838.640625, 1816.4921875, 27, 18.1875, 1228
25.5,79.5,1554.8055419921875, 1324.59375, 1840.609375, 930.3828125, 1991.1328125, 26, 26.125, 166
24.5,75.0,1677.721923828125, 1678.84375, 1967.75, 848.234375, 2157.71875, 27, 25.75, 457
28.0,77.5,1516.2620849609375, 1221.03125, 1772.171875, 944.3125, 1929.8125, 27, 25.0625, 190
17.0,78.0,1617.5958251953125, 1455.578125, 1955.5390625, 921.2578125, 2062.0390625, 21, 25.5, 652
14.0,77.5,1612.669677734375, 1505.90625, 1986.4296875, 908.984375, 2067.8359375, 18, 26.25, 601
27.5,76.5,1552.855712890625, 1255.359375, 1758.828125, 870.96875, 1933.890625, 28, 24.375, 475
16.0,77.0,1599.4158935546875, 1431.421875, 1966.8828125, 944.65625, 2063.8984375, 20, 28.1875, 369
26.0,85.0,1433.037841796875, 1080.34375, 1707.3125, 946.1796875, 1819.984375, 23, 25.75, 59
11.0,78.0,1595.4365234375, 1410.390625, 2020.8125, 967.4375, 2058.5234375, 12, 29.0625, 171
23.0,84.5,1593.143798828125, 1465.0859375, 1858.2734375, 863.734375, 2021.9140625, 26, 23.1875, 717
19.5,78.5,1588.2703857421875, 1433.3515625, 1911.609375, 907.453125, 2041, 23, 26.75, 447
12.5,75.5,1476.99560546875, 1235.65625, 1824.25, 918.984375, 1894.6484375, 18, 26, 191
26.0,76.0,1637.4429931640625, 1520.3359375, 1914.8046875, 897.703125, 2106, 28, 26.375, 267
22.5,79.5,1601.939453125, 1542.6015625, 1893.75, 849.9140625, 2055.1484375, 26, 25.25, 570
23.0,84.0,1591.5145263671875, 1493.4296875, 1855.8515625, 843.3203125, 2021.7578125, 26, 22.0625, 871
27.5,81.5,1523.8883056640625, 1311.4921875, 1789.421875, 896.796875, 1937.4609375, 26, 24.875, 119
11.0,78.5,1583.890380859375, 1401.6640625, 2010.0703125, 958.0546875, 2045.1875, 12, 29.1875, 102
12.5,78.0,1576.37939453125, 1403.515625, 1952.9375, 921.1484375, 2007.125, 15, 25, 692
12.5,75.0,1575.729248046875, 1349.1640625, 1932.015625, 932.2734375, 2000.3359375, 17, 27.125, 1
21.0,74.0,1650.9609375, 1613.703125, 1957.6015625, 854.078125, 2106.53125, 24, 23.875, 631
22.0,79.5,1605.2454833984375, 1519.3671875, 1887.5703125, 856.875, 2048.9765625, 26, 24.9375, 654
21.5,81.0,1583.563720703125, 1454.71875, 1884.4140625, 882.171875, 2033.5546875, 25, 26.625, 327
12.0,76.5,1604.232666015625, 1447.90625, 1974.640625, 916.4375, 2039.859375, 16, 24.3125, 687
24.0,84.0,1562.8564453125, 1372.953125, 1855.53125, 904.9609375, 1997.6171875, 25, 25.25, 249
25.0,80.0,1575.88232421875, 1380.2421875, 1864.09375, 912.9296875, 2019.9375, 26, 26.125, 183
22.5,80.0,1599.237548828125, 1522.734375, 1887.4453125, 853.0625, 2052.84375, 26, 25.6875, 469
19.0,73.0,1589.11767578125, 1413.7265625, 1907.0234375, 911.71875, 2024.0703125, 22, 26.8125, -28
24.5,85.5,1532.945556640625, 1278.3671875, 1810.875, 926.8046875, 1945.0703125, 24, 24.6875, 365
14.5,75.0,1592.7412109375, 1457.71875, 1929.7578125, 892.5390625, 2027.5390625, 20, 24.6875, 576
22.5,79.0,1620.5693359375, 1590.703125, 1913.15625, 840.390625, 2077.1328125, 26, 24.3125, 739
29.5,78.0,1499.422119140625, 1248.5546875, 1739.34375, 905.7890625, 1902.4765625, 27, 24, 223
19.5,82.0,1590.308837890625, 1491.96875, 1886.2421875, 857.953125, 2030.9453125, 24, 24.9375, 590
19.5,72.0,1676.4627685546875, 1569.171875, 1986.3125, 890, 2114.4453125, 22, 26.875, -30
12.0,75.0,1580.9595947265625, 1316.375, 1924.9453125, 941.390625, 1986.890625, 16, 27, -39
24.5,76.0,1642.5079345703125, 1559.6640625, 1936.5390625, 883.71875, 2113.6640625, 26, 26.5, 336
22.0,79.0,1614.4375, 1547.328125, 1905.0625, 852.4765625, 2067.109375, 26, 24.6875, 686
25.0,80.5,1553.6895751953125, 1338.1796875, 1834.25, 897.9765625, 1987.3671875, 25, 25.75, 309
12.0,75.5,1510.864013671875, 1230.8984375, 1861.625, 954.5625, 1925.1875, 17, 26.9375, 19
20.5,82.0,1565.03173828125, 1430.0234375, 1870.0078125, 883.4140625, 2009.421875, 24, 26.375, 380
20.5,78.5,1591.900390625, 1435.53125, 1916.9453125, 914.75, 2054.40625, 24, 27.8125, 243
21.5,74.5,1616.9228515625, 1519.96875, 1944.8828125, 895.109375, 2089.4140625, 24, 26.8125, 149
23.0,76.0,1622.890380859375, 1529.9296875, 1913.265625, 873.6640625, 2078.2578125, 26, 25.25, 516
23.0,75.0,1641.2783203125, 1597.34375, 1942.6796875, 862.21875, 2113.4765625, 26, 25.8125, 425
25.5,79.0,1568.9503173828125, 1359.2421875, 1854.1953125, 924.4296875, 2009.34375, 26, 25.9375, 211
35.5,76.0,1464.3814697265625, 1286.5546875, 1515.015625, 673.9140625, 1681.8125, 32, -15, 5234
23.5,83.5,1611.93408203125, 1508.390625, 1876.421875, 856.6484375, 2040.65625, 27, 23.0625, 708
30.0,77.5,1494.0970458984375, 1252.5234375, 1724.671875, 891.9765625, 1892.3515625, 28, 23.5625, 283
20.0,79.5,1579.771484375, 1426.53125, 1901.203125, 905.1171875, 2036.21875, 23, 27.75, 195
23.5,78.5,1617.0030517578125, 1532.515625, 1894.6015625, 860.2265625, 2066.765625, 26, 24.875, 584
19.0,83.5,1521.7587890625, 1318.234375, 1824.890625, 871.7890625, 1935.15625, 23, 24.4375, 474
25.5,85.5,1453.9627685546875, 1109.421875, 1733.9453125, 948.75, 1847.0390625, 23, 25.875, 50
26.0,76.5,1616.3138427734375, 1485.578125, 1893.0390625, 893.390625, 2073.8046875, 27, 25.625, 312
17.5,78.0,1585.753662109375, 1406.5546875, 1924.953125, 930.4921875, 2031.40625, 21, 26, 586
35.5,76.5,1431.0804443359375, 1207.0859375, 1471.5, 700.7890625, 1635.03125, 32, -14.5, 5231
18.0,81.0,1554.549072265625, 1380.5390625, 1882.6875, 903.1328125, 1997.84375, 22, 28.1875, 134
27.5,85.5,1329.7479248046875, 1053.5390625, 1462.671875, 769.4921875, 1576.65625, 28, 11.875, 2331
34.0,76.0,1526.367919921875, 1383.1640625, 1566.8515625, 626.28125, 1749.5, 33, -15.125, 5393
26.5,75.0,1677.6727294921875, 1609.8515625, 1943.8515625, 879.8671875, 2157.3984375, 29, 25.875, 387
26.5,84.0,1441.6761474609375, 1111.1015625, 1710.78125, 934.359375, 1831.9375, 24, 25.4375, 75
29.0,78.0,1505.059326171875, 1233.5625, 1750.8828125, 922.2890625, 1909.6796875, 27, 24.375, 224
27.0,72.0,1757.05517578125, 1753.5078125, 2034.0703125, 876.1875, 2268.203125, 30, 27.125, 232
22.5,83.5,1617.4942626953125, 1511.25, 1896.359375, 864.7578125, 2060.4375, 26, 24.4375, 554
12.5,78.5,1563.564697265625, 1371.9453125, 1952.6640625, 939.1328125, 2003.734375, 15, 26.75, 422
14.5,77.5,1620.061767578125, 1502.28125, 2002.7421875, 923.4375, 2087.0546875, 19, 27.5625, 420
11.5,77.5,1595.43701171875, 1416.9765625, 2002.6171875, 942.078125, 2051.9609375, 14, 28, 200
33.0,76.0,1480.789794921875, 1513.078125, 1641.9609375, 681.2109375, 1829.15625, 32, 4.3125, 2853
33.0,75.5,1410.30859375, 1307.765625, 1570.078125, 697.4453125, 1751.6484375, 32, 10, 2102
28.5,77.5,1506.3663330078125, 1201.71875, 1755.3515625, 945.109375, 1910.5078125, 27, 24.8125, 194
20.5,82.5,1561.133056640625, 1429.5078125, 1845.3359375, 864.671875, 1982.171875, 24, 24.4375, 718
27.5,75.5,1662.788818359375, 1533.1484375, 1908.328125, 900.0390625, 2122.1953125, 29, 24.6875, 488
16.0,77.5,1598.016357421875, 1426.828125, 1962.984375, 943.234375, 2061.671875, 20, 28.25, 345
18.0,76.5,1582.552734375, 1363.71875, 1919.0234375, 955.5, 2029.078125, 21, 26.125, 614
20.5,73.5,1579.7867431640625, 1484.78125, 1898.828125, 866.7890625, 2039.5390625, 24, 25.6875, 284
26.5,84.5,1434.728515625, 1103.3671875, 1706.1640625, 933.0859375, 1823.5703125, 24, 25.625, 71
25.0,81.0,1550.972900390625, 1339.203125, 1837.3671875, 915.7578125, 1985.5546875, 25, 25.6875, 233
33.0,77.0,1736.0965576171875, 1337.5703125, 1591.8203125, 656.8984375, 1741.296875, 35, -14, 5415
21.0,82.0,1593.8734130859375, 1459.421875, 1902.6953125, 888.2109375, 2046.3125, 25, 26.75, 277
21.5,72.5,1716.753662109375, 1673.6796875, 2017.5390625, 866.0859375, 2165.515625, 23, 26.625, -8
18.0,72.5,1639.57763671875, 1467.3671875, 1958.171875, 914.2109375, 2067.78125, 20, 27.125, -36
16.5,75.5,1606.7635498046875, 1436.203125, 1962.8046875, 941.859375, 2064.59375, 20, 27, 541
24.0,79.5,1602.571533203125, 1478.9375, 1885.375, 878.78125, 2051.953125, 26, 25.5625, 340
22.0,83.5,1553.142333984375, 1393.265625, 1857.75, 895.3984375, 1997.375, 24, 26.5625, 283
21.0,83.5,1556.6212158203125, 1369.7109375, 1866.3046875, 906.4375, 2002.4375, 24, 27.75, 148
19.5,81.5,1581.67529296875, 1483.2421875, 1881.3828125, 853.84375, 2024.71875, 24, 25.25, 564
20.5,73.0,1614.2637939453125, 1491.1328125, 1922.53125, 895.5859375, 2062.1875, 24, 26.5625, 33
18.0,72.0,1655.5638427734375, 1512.9140625, 1978.9296875, 905.65625, 2090.6328125, 21, 27.25, -39
22.0,83.0,1586.315185546875, 1432.0625, 1885.6875, 893.3203125, 2036.015625, 25, 26.75, 233
20.5,74.5,1613.30615234375, 1500.265625, 1944.9140625, 905.6796875, 2081.5, 23, 26.4375, 443
25.5,85.0,1458.183349609375, 1118.96875, 1737.953125, 948.109375, 1853.0703125, 23, 25.875, 57
34.5,78.5,1553.3143310546875, 1222.0390625, 1523.921875, 683.4453125, 1724.046875, 34, -15.375, 5542
30.0,77.0,1507.7554931640625, 1256.5546875, 1742.6640625, 907.6015625, 1912.9453125, 28, 24.0625, 260
14.5,78.5,1545.288330078125, 1320.3125, 1905.3203125, 916.75, 1962.1484375, 18, 29.0625, 217
23.5,78.0,1605.634033203125, 1490.5390625, 1890.140625, 878.25, 2057.890625, 26, 25.5, 436
19.0,73.5,1473.0792236328125, 1281.9296875, 1791.7890625, 866.671875, 1905.1328125, 23, 25.625, 176
23.5,84.5,1594.245849609375, 1476.6015625, 1854.4921875, 859.8046875, 2019.3125, 26, 22.5625, 765
18.0,74.5,1607.52490234375, 1434.5703125, 1957.1875, 944.1328125, 2067.875, 21, 26.5, 550
25.0,84.0,1511.8599853515625, 1223.1953125, 1800.1640625, 940.71875, 1927.84375, 24, 25.875, 102
30.5,76.0,1512.0443115234375, 1263.1796875, 1748.9375, 910.84375, 1920.296875, 28, 23.9375, 243
27.0,72.5,1762.681640625, 1790.4453125, 2033.71875, 858.515625, 2271.765625, 30, 26.6875, 284
18.0,81.5,1552.0814208984375, 1388.3359375, 1879.171875, 892.65625, 1998.28125, 23, 28.125, 87
16.5,75.0,1609.7303466796875, 1447.1015625, 1964.90625, 938.3359375, 2068.875, 21, 26.5, 549
21.0,76.0,1618.1812744140625, 1480.1640625, 1945.8203125, 915.75, 2085.140625, 24, 26.75, 289
12.0,78.5,1551.1761474609375, 1358.96875, 1946.4453125, 936.9140625, 1989.234375, 14, 26.6875, 383
34.5,75.0,1488.76171875, 1331.171875, 1585.1328125, 656.6953125, 1782.2734375, 32, 2.3125, 3021
27.5,77.0,1546.225341796875, 1286.9296875, 1802.53125, 935.9453125, 1973.6953125, 28, 25.4375, 214
20.5,77.0,1598.14794921875, 1447.4296875, 1930.078125, 920.234375, 2062.4609375, 23, 27.1875, 317
23.5,82.0,1625.757568359375, 1555.2890625, 1898.3359375, 846.546875, 2067.2265625, 26, 23.375, 701
27.5,75.0,1667.8472900390625, 1543.78125, 1916.5, 900.859375, 2132.9453125, 30, 25.1875, 429
19.5,81.0,1569.735595703125, 1488.6171875, 1867.8046875, 837.2421875, 2003.84375, 24, 23.875, 763
26.5,83.5,1453.01220703125, 1131.046875, 1722.6171875, 933.625, 1845.3671875, 24, 25.4375, 73
23.5,82.5,1617.8509521484375, 1527.5859375, 1876.15625, 850.125, 2047.1796875, 27, 22.875, 807
34.0,78.0,1743.4241943359375, 1803.8046875, 1758.6015625, 621.6484375, 2005.34375, 33, -13.1875, 5290
11.0,75.0,1556.935302734375, 1268.4375, 1908.8671875, 955.359375, 1956.8125, 14, 27.1875, -905
16.5,76.5,1608.150390625, 1428.7734375, 1965.6171875, 949.796875, 2069.859375, 21, 27.5625, 476
21.5,82.0,1587.66259765625, 1435.0234375, 1889.9375, 895.578125, 2035.328125, 25, 26.875, 273
34.0,76.5,1841.9168701171875, 1828.7109375, 1807.1328125, 600.4140625, 2061.4765625, 34, -14.875, 5666
22.0,74.5,1630.066162109375, 1473.3203125, 1896.3515625, 834.1328125, 2009.875, 25, 24.4375, 460
26.5,83.0,1469.5145263671875, 1162.4375, 1741.2734375, 935.2734375, 1868.6640625, 24, 25.5, 81
26.5,85.0,1428.037841796875, 1090.4765625, 1697.40625, 934.671875, 1813.90625, 24, 25.625, 66
25.0,75.5,1657.27099609375, 1599.40625, 1947.9609375, 867.578125, 2133.0078125, 27, 25.5, 445
22.5,73.5,1656.4189453125, 1663.2109375, 1969.0390625, 848.8046875, 2139.0234375, 26, 26.8125, 130
18.0,83.0,1508.712890625, 1265.09375, 1828.6640625, 913.515625, 1930.2734375, 21, 27, 104
20.5,81.5,1596.8497314453125, 1481.953125, 1904.7890625, 878.25, 2051.9140625, 25, 26.5625, 362
33.0,76.5,1516.774169921875, 519.96875, 927.609375, 492.265625, 1002.4765625, 31, 2.3125, 2590
26.5,79.0,1528.3017578125, 1242.578125, 1799.53125, 946.296875, 1948.3203125, 26, 25.4375, 147
26.0,80.5,1517.6055908203125, 1227.734375, 1799.46875, 948.625, 1937.265625, 25, 25.75, 119
16.0,75.5,1613.779541015625, 1463.4921875, 1962.5859375, 925.7421875, 2065.0625, 21, 25.875, 664
20.5,75.5,1553.587890625, 1424.40625, 1914.6875, 883.7109375, 2022.890625, 23, 25.875, 433
26.0,75.5,1658.9228515625, 1581.78125, 1940.3125, 877.1171875, 2140.2734375, 28, 26.25, 322
26.0,80.0,1517.673583984375, 1232.7421875, 1798.1953125, 946.7734375, 1939, 25, 25.875, 125
23.0,83.5,1614.078125, 1534, 1884.9453125, 848.546875, 2053.6953125, 27, 23.375, 667
16.0,75.0,1600.2308349609375, 1446.8828125, 1945.2265625, 921, 2046.734375, 20, 25.375, 676
25.0,72.5,1756.1962890625, 1899.8203125, 2049.4609375, 797.8125, 2275.109375, 29, 26.25, 204
26.0,85.5,1422.3775634765625, 1063.6328125, 1693.4609375, 946, 1806.2890625, 23, 25.75, 54
25.5,74.5,1717.08837890625, 1749.0859375, 1994.6171875, 836.8125, 2207.703125, 29, 25.5625, 461
22.0,73.0,1655.3980712890625, 1633.6875, 1972.671875, 866.40625, 2135.25, 25, 27.5, 19
35.0,75.5,1732.8701171875, 1861.6796875, 1759.5625, 612, 2025.8125, 35, -6.1875, 4211
26.5,74.0,1722.9622802734375, 1742.25, 1993.7265625, 849.3046875, 2219.5703125, 29, 26.125, 315
33.0,75.0,1531.3785400390625, 1366.6953125, 1650.2578125, 753.125, 1884.90625, 31, 16.5625, 1325
22.0,74.0,1631.46728515625, 1607.3984375, 1947.40625, 856.7578125, 2107.984375, 25, 26.0625, 304
22.0,80.5,1625.0543212890625, 1569.2890625, 1907.1640625, 842.59375, 2068.0859375, 25, 23.5, 809
25.0,79.0,1598.943359375, 1435.6640625, 1883.9375, 902.65625, 2048.7421875, 26, 25.6875, 276
15.5,78.5,1555.930908203125, 1376.96875, 1922.671875, 930.9921875, 2009.8515625, 19, 28.625, 212
24.0,75.0,1674.8360595703125, 1673.7109375, 1969.9453125, 847.09375, 2151.6640625, 26, 25.75, 466
25.0,81.5,1535.375244140625, 1292.7890625, 1823.7421875, 925.296875, 1966.5625, 25, 26.375, 112
31.5,77.5,1679.439697265625, 1731.171875, 1742.921875, 655.5078125, 2030.84375, 33, 8.125, 2766
18.5,79.0,1601.794189453125, 1447.140625, 1941.7109375, 918.5859375, 2062.953125, 22, 27.6875, 318
29.0,77.5,1503.3504638671875, 1217.0078125, 1748.9375, 929.796875, 1908.1015625, 27, 24.375, 223
22.0,73.5,1645.67626953125, 1600.421875, 1960.9453125, 874.0546875, 2122.9296875, 25, 27.3125, 48
19.5,80.0,1574.2886962890625, 1436.265625, 1897.703125, 891.8984375, 2029.578125, 23, 27.9375, 152
27.0,78.5,1517.2093505859375, 1225.453125, 1786.4296875, 946.7890625, 1936.078125, 26, 25.375, 160
30.5,76.5,1509.8656005859375, 1271.4921875, 1741.8671875, 899.203125, 1914.953125, 28, 23.75, 263
19.5,76.5,1594.879638671875, 1396.34375, 1927.796875, 947.3515625, 2050.7109375, 22, 26.875, 414
23.0,80.0,1607.3096923828125, 1549.2890625, 1903.59375, 848.3671875, 2069.71875, 26, 25.625, 428
11.5,76.5,1499.054931640625, 1324.1953125, 1848.90625, 882.640625, 1901.515625, 17, 21.5, 969
20.5,72.5,1676.1583251953125, 1560.0390625, 1975.2890625, 893.34375, 2110.21875, 22, 26.625, -22
22.5,76.0,1578.6982421875, 1487.71875, 1894.4296875, 881.53125, 2048.6484375, 25, 26.125, 382
11.5,78.5,1568.3341064453125, 1390.6015625, 1975.6484375, 935.578125, 2014.2734375, 13, 26.5625, 346
15.5,75.5,1585.6766357421875, 1432.2265625, 1933, 917.1953125, 2030.46875, 20, 25.75, 608
27.5,84.0,1395.4610595703125, 1126.875, 1658.015625, 882.0390625, 1769.828125, 25, 24.125, 166
18.5,78.5,1603.124755859375, 1438.265625, 1926.4453125, 917.296875, 2045.125, 22, 25.8125, 584
31.5,75.5,1478.31005859375, 1216.8125, 1702.3984375, 899.2109375, 1870.7890625, 28, 23.4375, 229
18.5,74.5,1609.2938232421875, 1443.2421875, 1962.4921875, 945.7265625, 2075.4375, 21, 26.5625, 512
26.0,84.0,1454.9766845703125, 1118.75, 1731.015625, 944.6875, 1849.21875, 24, 25.6875, 66
26.5,81.0,1494.932373046875, 1184.3359375, 1769.8125, 949.1171875, 1903.6328125, 25, 25.375, 118
12.5,77.5,1563.904052734375, 1367.8984375, 1920.2265625, 918.765625, 1981.1640625, 16, 24.4375, 752
26.5,78.5,1529.9412841796875, 1257.796875, 1803.046875, 942.5703125, 1953.890625, 26, 25.6875, 159
27.5,84.5,1406.2508544921875, 1113.671875, 1647.53125, 891.3828125, 1773.2265625, 26, 22.4375, 462
11.5,77.0,1495.6458740234375, 1291.125, 1880.125, 920.734375, 1918.90625, 15, 26.0625, 387
26.5,79.5,1522.61962890625, 1229.75, 1796.8203125, 949.7109375, 1940.5546875, 25, 25.4375, 139
19.5,80.5,1562.5118408203125, 1455.7265625, 1889.4765625, 874.0859375, 2014.5, 24, 26.6875, 269
27.5,79.5,1506.017822265625, 1206.5078125, 1771.1796875, 943.34375, 1915.5703125, 26, 25, 151
18.0,75.0,1595.0223388671875, 1391.6640625, 1948.0625, 963.34375, 2055.9296875, 21, 27.375, 480
26.0,82.5,1475.720458984375, 1153.9453125, 1753.5859375, 950.6484375, 1879.6953125, 24, 25.6875, 89
25.0,77.5,1632.8758544921875, 1513.765625, 1907.8359375, 887.671875, 2084.6796875, 27, 25, 432
18.5,79.5,1592.903076171875, 1434.109375, 1932.5234375, 915.8671875, 2052.9140625, 22, 28.1875, 185
25.0,79.5,1591.0574951171875, 1416.953125, 1877.0546875, 905.484375, 2037.9140625, 26, 25.875, 263
26.5,75.5,1648.161865234375, 1536.6640625, 1913.03125, 894.1015625, 2116.2890625, 29, 25.9375, 311
22.0,82.0,1590.1483154296875, 1452.25, 1893.671875, 888.953125, 2045.265625, 25, 27, 248
20.5,72.0,1702.1326904296875, 1622.1953125, 2004.2421875, 882.4453125, 2143.453125, 23, 26.625, -20
22.5,83.0,1564.55029296875, 1447.21875, 1854.0859375, 865.0546875, 2011.0390625, 25, 26.0625, 375
27.0,73.0,1757.7484130859375, 1796.2734375, 2023.90625, 847.7578125, 2266.1953125, 30, 26.6875, 293
25.0,75.0,1694.89306640625, 1695.359375, 1979.828125, 851.2890625, 2178.3671875, 27, 25.625, 417
34.0,75.5,1485.4893798828125, 1337.515625, 1566.46875, 659.6953125, 1766.3984375, 32, 0.0625, 3710
18.0,77.0,1580.536865234375, 1364.71875, 1913.203125, 949.1875, 2022.890625, 21, 26.125, 618
18.0,75.5,1573.5286865234375, 1340.4375, 1920.1015625, 970.34375, 2024.453125, 21, 27.75, 502
15.5,75.0,1608.97216796875, 1473.421875, 1948.1796875, 902.3125, 2046.7109375, 20, 24.5, 693
22.5,82.0,1561.07568359375, 1446.46875, 1849.40625, 864.3046875, 2009.7265625, 26, 26.0625, 364
27.5,80.0,1503.2091064453125, 1214.1015625, 1769.46875, 935.8828125, 1910.7578125, 25, 24.875, 141
20.0,75.0,1601.7586669921875, 1442.1796875, 1926.0234375, 924.2578125, 2056.15625, 23, 25.75, 522
23.5,77.0,1616.1201171875, 1506.546875, 1906.125, 884.34375, 2072.7265625, 26, 25.625, 478
29.0,77.0,1507.8580322265625, 1215.28125, 1751.7734375, 936.1640625, 1913.359375, 27, 24.5, 224
17.0,77.5,1607.6358642578125, 1426.921875, 1948.6015625, 935.8125, 2055.9140625, 21, 26.3125, 582
34.5,75.5,1595.46044921875, 1532.625, 1650.0625, 627.359375, 1866.6328125, 32, -3.8125, 4219
27.5,80.5,1504.7930908203125, 1227.609375, 1770.125, 929.1328125, 1911.7109375, 25, 24.8125, 142
19.5,75.0,1623.2171630859375, 1464.3671875, 1961.984375, 938.0078125, 2086.5234375, 22, 26.125, 522
26.0,81.5,1496.4525146484375, 1190.71875, 1777.5390625, 950.109375, 1907.9375, 24, 25.6875, 107
22.5,82.5,1580.8751220703125, 1450.9921875, 1862.234375, 869.2109375, 2024.203125, 26, 26, 338
24.0,84.5,1561.3431396484375, 1383.9375, 1860.1015625, 903.5, 2001.1015625, 25, 24.875, 327
20.5,84.5,1500.9283447265625, 1324.5390625, 1810.265625, 886.6484375, 1937.078125, 24, 25.75, 429
14.5,78.0,1592.186279296875, 1451.25, 1970.765625, 924.921875, 2046.296875, 18, 27, 529
22.0,84.5,1558.09326171875, 1390.8984375, 1831.59375, 871.015625, 1991.5390625, 25, 25.75, 530
18.0,77.5,1584.27734375, 1379.1796875, 1915.9140625, 941.2109375, 2027.09375, 21, 26.25, 563
22.5,81.0,1603.18701171875, 1536.515625, 1884.0703125, 841.390625, 2047.3203125, 26, 24.5, 615
25.0,84.5,1505.337158203125, 1207.9296875, 1794.75, 944.453125, 1919.0390625, 24, 26.0625, 88
30.5,75.5,1523.8492431640625, 1269.828125, 1762.6015625, 918.8671875, 1936.140625, 28, 24.125, 233
26.0,77.0,1618.3267822265625, 1458.6484375, 1890.6953125, 907.5390625, 2071.59375, 27, 25.8125, 257
21.0,77.0,1594.183837890625, 1444.984375, 1915.5, 911.6875, 2053.28125, 24, 27, 272
25.0,74.5,1722.4276123046875, 1774.828125, 2005.953125, 828.5703125, 2213.484375, 28, 25.375, 438
22.5,81.5,1556.24072265625, 1474.9765625, 1835.5859375, 830.2890625, 1999.7578125, 26, 24.5, 746
15.5,78.0,1583.004150390625, 1422.9375, 1954.640625, 931.859375, 2042.4765625, 19, 27.625, 400
24.0,75.5,1643.175048828125, 1582.5078125, 1937.9921875, 872.7109375, 2113.96875, 26, 25.9375, 408
26.0,82.0,1479.76318359375, 1167.7421875, 1761.265625, 950.0703125, 1887.359375, 24, 25.6875, 87
27.0,73.5,1746.9052734375, 1777.609375, 2011.0859375, 847.375, 2249.2578125, 30, 26.375, 308
30.0,75.0,1540.881103515625, 1284.9921875, 1785.953125, 928.671875, 1963.9140625, 28, 25.0625, 206
18.5,74.0,1612.6005859375, 1468.59375, 1955.140625, 924.9765625, 2071.46875, 22, 25.3125, 546
21.0,77.5,1594.4664306640625, 1447.4609375, 1912.3046875, 908.03125, 2053.234375, 24, 26.875, 306
26.0,73.5,1751.4384765625, 1840.6875, 2031.21875, 821.7734375, 2262.1484375, 29, 26.5, 237
21.0,72.5,1700.785400390625, 1617.5859375, 2000.75, 882.7578125, 2142.0390625, 23, 26.5625, -20
26.5,82.5,1479.921142578125, 1179.140625, 1752.015625, 935.21875, 1883.0234375, 25, 25.4375, 89
15.0,75.0,1591.510498046875, 1448.5703125, 1930.359375, 898.5234375, 2031.4453125, 21, 24.875, 530
34.0,75.0,1583.3558349609375, 1670.9765625, 1777.3828125, 703.6953125, 1983.4140625, 30, 13.25, 1633
31.5,75.0,1494.1212158203125, 1226.4453125, 1718.390625, 906.625, 1888.75, 28, 23.5625, 228
33.0,78.0,1970.4559326171875, 2395.8671875, 2015.6171875, 508.6875, 2320.390625, 34, -7.4375, 4877
13.0,75.0,1518.3187255859375, 1274.03125, 1858.5546875, 936.0703125, 1934.4140625, 19, 27, 65
28.0,77.0,1514.9920654296875, 1230.578125, 1771.28125, 941.4453125, 1936.28125, 27, 25.5, 190
21.0,72.0,1719.8125, 1689.6484375, 2030.40625, 865.59375, 2176.4609375, 23, 26.75, -14
30.5,75.0,1527.5213623046875, 1265.90625, 1770.03125, 926.21875, 1943.8125, 28, 24.625, 210
18.5,77.5,1576.7767333984375, 1373.7734375, 1918.75, 946.3125, 2032.65625, 22, 27.5, 380
22.5,73.0,1686.3746337890625, 1717.3046875, 2001.6328125, 843.609375, 2174.2734375, 26, 27.375, 44
18.5,78.0,1593.1229248046875, 1432.703125, 1935.640625, 924.78125, 2048.296875, 22, 26.8125, 455
19.0,75.5,1593.7320556640625, 1401.4140625, 1935.015625, 949.734375, 2050.0390625, 22, 26.6875, 561
18.5,75.5,1565.713623046875, 1342.21875, 1902.0078125, 955.59375, 2013.15625, 22, 26.6875, 585
13.5,75.0,1492.30615234375, 1275.890625, 1824.359375, 905.390625, 1909.90625, 20, 26.4375, 91
20.5,74.0,1638.95654296875, 1578, 1955.8125, 870.7890625, 2098.6015625, 24, 24.3125, 611
18.5,77.0,1588.7720947265625, 1393.1640625, 1927.3515625, 944.921875, 2041.9921875, 22, 26.375, 552
26.0,84.5,1441.955322265625, 1094.734375, 1716.8125, 947.015625, 1832.1484375, 23, 25.6875, 62
13.0,76.5,1601.45458984375, 1471.640625, 1951.8203125, 900.5234375, 2027.046875, 18, 23.4375, 905
15.0,77.5,1596.8707275390625, 1453.625, 1975.78125, 932.3515625, 2061.7421875, 19, 28.125, 366
34.5,76.5,1697.3905029296875, 1734.5234375, 1749.046875, 688.6328125, 2013.640625, 34, 0.0625, 3471
26.5,78.0,1556.366943359375, 1307.0234375, 1829.5625, 937.8828125, 1988.234375, 26, 25.6875, 176
19.5,76.0,1599.1614990234375, 1408.84375, 1936.65625, 947.75, 2058.7265625, 22, 26.75, 454
11.5,76.0,1378.853515625, 1037.9609375, 1700.4140625, 928.109375, 1763.59375, 16, 26.6875, 127
18.0,73.0,1594.1650390625, 1417.109375, 1919.765625, 911.484375, 2029.765625, 21, 27, -7
33.0,78.5,1810.9530029296875, 1859.515625, 1796.796875, 595.9453125, 2062.578125, 34, -17.0625, 6168
26.0,75.0,1680.8743896484375, 1637.625, 1955.7265625, 869.1796875, 2163.7890625, 29, 26.125, 366
10.0,76.0,1570.947021484375, 1298.71875, 1926.7421875, 943.703125, 1972.5078125, 14, 26.875, -32
20.0,79.0,1580.349853515625, 1414.5859375, 1904.921875, 914.140625, 2037.609375, 23, 27.875, 200
20.5,83.0,1564.3751220703125, 1402.140625, 1868.2734375, 890.46875, 2008.2578125, 24, 26.9375, 268
31.0,76.0,1492.2398681640625, 1243.890625, 1721.1171875, 899.7734375, 1892.703125, 28, 23.625, 241
18.5,83.5,1517.985107421875, 1272.671875, 1841.6875, 923.0234375, 1947.375, 22, 27.5, 88
19.0,75.0,1596.1614990234375, 1420.2109375, 1927.7734375, 934.875, 2047.4375, 22, 25.5625, 712
22.5,84.0,1595.7193603515625, 1466.1796875, 1884.8828125, 877.8359375, 2039.1953125, 26, 25.375, 400
20.0,83.0,1529.9703369140625, 1339.328125, 1827.7890625, 858.4140625, 1954.4140625, 24, 27.0625, 260
22.0,80.0,1593.7198486328125, 1495.9609375, 1887.1796875, 863.09375, 2048.8359375, 26, 26.25, 347
29.0,75.0,1560.891357421875, 1308.8359375, 1803.421875, 931.3046875, 1994.5546875, 29, 26.3125, 202
22.0,77.0,1591.834228515625, 1485.8359375, 1900.40625, 881, 2052.0859375, 25, 26.4375, 341
18.5,75.0,1598.6278076171875, 1402.078125, 1940.625, 953.515625, 2054.0703125, 22, 26.75, 594
23.0,74.0,1676.704833984375, 1689.265625, 1973.8203125, 838.203125, 2156.2421875, 27, 26.125, 283
19.5,84.0,1471.9598388671875, 1275.6953125, 1799.984375, 862.53125, 1891.8359375, 23, 24.4375, 294
21.0,75.5,1601.0018310546875, 1452.859375, 1930.5703125, 919.3515625, 2066.1640625, 24, 27.1875, 198
21.0,80.0,1594.4134521484375, 1483.9453125, 1910.234375, 882.921875, 2054.1484375, 24, 27.25, 257
14.0,76.5,1596.6927490234375, 1500.6953125, 1967.0234375, 890.7109375, 2048.859375, 19, 25.3125, 766
13.0,76.0,1587.1422119140625, 1449.4921875, 1926.546875, 886.1796875, 2002.765625, 18, 22.5625, 922
20.0,74.0,1639.893310546875, 1543.8359375, 1964.9765625, 895.15625, 2100.9921875, 23, 25, 540
20.0,83.5,1541.2947998046875, 1383.9375, 1837.2109375, 852.8125, 1946.65625, 24, 24.625, 465
18.0,85.0,1540.5631103515625, 1263.4765625, 1855.2734375, 929.9375, 1939.0078125, 19, 27.4375, -2391
26.5,73.5,1748.989990234375, 1802.578125, 2017.6015625, 836.3203125, 2253.3046875, 30, 26.1875, 289
25.5,80.0,1537.3546142578125, 1287.328125, 1824.203125, 936.578125, 1967.9453125, 25, 26.25, 138
18.5,83.0,1533.1629638671875, 1363.2109375, 1809.9921875, 850.0546875, 1935.796875, 23, 22.75, 1078
25.0,74.0,1747.5633544921875, 1863.25, 2028.0546875, 801.3046875, 2244.328125, 28, 25.0625, 528
22.5,85.0,1571.4173583984375, 1397.0625, 1859.0703125, 890.5546875, 2009.8515625, 25, 26, 261
25.5,81.5,1519.764404296875, 1232.953125, 1804.7734375, 947.6328125, 1939.7734375, 25, 25.875, 102
26.0,77.5,1607.4580078125, 1439.078125, 1881.9609375, 911.125, 2058.4375, 27, 25.5625, 316
19.5,72.5,1653.444580078125, 1508.78125, 1958.828125, 901.6796875, 2084.2421875, 22, 26.6875, -19
29.5,78.5,1519.671875, 1307.109375, 1758.0703125, 889.9609375, 1931.2890625, 28, 23.75, 255
25.5,80.5,1529.538330078125, 1265.1328125, 1815.4765625, 940.375, 1956.0234375, 25, 26.125, 117
20.0,74.5,1624.4658203125, 1497.03125, 1954.796875, 916.3046875, 2086.5078125, 23, 25.6875, 538
23.0,72.5,1714.5399169921875, 1796.71875, 2026.109375, 823.2734375, 2214.9375, 27, 27.3125, 41
27.5,77.5,1525.0699462890625, 1243.5390625, 1784.453125, 940.0390625, 1943.578125, 27, 25.3125, 183
21.5,79.5,1596.1903076171875, 1486.59375, 1901.6328125, 879.1484375, 2053.453125, 25, 26.75, 363
20.0,73.0,1575.7630615234375, 1463.3125, 1895.2265625, 883.3359375, 2033.7421875, 24, 26.4375, 192
22.5,76.5,1601.5841064453125, 1481.2265625, 1905.59375, 891.234375, 2063.203125, 25, 26.625, 301
18.0,73.5,1478.399658203125, 1297.640625, 1824.1875, 892.234375, 1927.1953125, 22, 26, 128
32.0,75.0,1471.113525390625, 1200.8671875, 1691.6796875, 896.9296875, 1860.234375, 28, 23.25, 235
15.0,78.5,1536.130859375, 1339.65625, 1910.5390625, 941.3984375, 1986.6953125, 18, 29.25, 167
23.0,82.0,1624.2088623046875, 1540.2578125, 1902.625, 854.921875, 2070.2734375, 26, 24.25, 532
10.5,77.0,1488.0628662109375, 1253.9375, 1876.5078125, 918.3828125, 1908.7421875, 13, 26, 407
21.5,79.0,1595.4698486328125, 1485.046875, 1899.5234375, 876.8671875, 2052.828125, 25, 26.625, 364
22.0,77.5,1607.7296142578125, 1527.109375, 1892.4765625, 850.1796875, 2053.2265625, 25, 23.8125, 738
24.0,85.0,1583.376953125, 1394.09375, 1854.1171875, 900.4453125, 2006.171875, 25, 23.625, 548
23.0,78.5,1612.05908203125, 1504.8828125, 1905.046875, 875.984375, 2068.1171875, 26, 25.9375, 322
21.5,78.0,1572.8232421875, 1481.6640625, 1882.4453125, 865.46875, 2022.4765625, 25, 24.75, 584
22.0,76.0,1627.443115234375, 1514.21875, 1935.3203125, 894.671875, 2087.765625, 25, 26.3125, 327
23.5,77.5,1606.343017578125, 1482.59375, 1896.71875, 886.6796875, 2056.28125, 25, 25.5, 469
21.5,78.5,1594.8787841796875, 1485.5625, 1896.5546875, 875.5546875, 2048.328125, 25, 26.25, 418
21.5,80.0,1608.88671875, 1507.515625, 1914.3046875, 873.6875, 2067.6328125, 25, 26.75, 289
13.5,78.5,1595.676025390625, 1474.7265625, 1974.7109375, 905.8515625, 2038.578125, 16, 24.75, 768
34.5,77.0,1657.4984130859375, 1533.78125, 1648.1171875, 660.828125, 1887.109375, 36, -14.875, 5341
23.0,79.5,1612.72998046875, 1534.6875, 1909.8984375, 861.78125, 2071.7734375, 26, 25.8125, 375
35.0,76.5,1379.82958984375, 1165.2109375, 1461.078125, 685.1875, 1631.1328125, 31, -2.625, 3780
29.0,75.5,1542.0125732421875, 1280.4140625, 1786.2421875, 933.2265625, 1970.484375, 29, 25.9375, 216
24.5,83.5,1540.704833984375, 1300.71875, 1832.203125, 925.25, 1969.921875, 25, 25.875, 181
27.0,81.0,1493.1412353515625, 1196.875, 1762.296875, 937.1171875, 1898.921875, 25, 25.125, 125
11.0,77.0,1608.4111328125, 1427.171875, 2010.546875, 943.8125, 2051.4140625, 13, 26.375, 404
14.0,78.0,1605.6529541015625, 1491.921875, 1982.0390625, 910.6328125, 2057.671875, 18, 26.125, 593
17.5,76.5,1575.164794921875, 1344.7421875, 1918.984375, 963.4765625, 2022.8203125, 21, 27.125, 523
16.0,76.5,1621.3524169921875, 1468.2265625, 1982.7734375, 937.65625, 2083.265625, 20, 27.25, 528
24.5,78.5,1614.57470703125, 1487.6328125, 1893.8828125, 885.0234375, 2064.7734375, 26, 25.25, 393
24.5,79.0,1612.5301513671875, 1484.3671875, 1895.0703125, 885.2890625, 2065.9453125, 27, 25.5, 337
27.0,82.5,1488.1121826171875, 1222.3203125, 1753.0078125, 915.0703125, 1890.65625, 25, 25.0625, 95
32.5,77.5,1584.500244140625, 1722.1171875, 1764.0234375, 609.2421875, 1997.046875, 34, -10.1875, 4731
23.5,73.0,1724.2684326171875, 1834.8828125, 2020.0078125, 802.6484375, 2221.515625, 27, 26.625, 128
17.5,77.0,1572.2022705078125, 1348.09375, 1913.2890625, 955.3046875, 2020.3828125, 21, 27.1875, 457
19.5,77.5,1586.9112548828125, 1407.5078125, 1920.6171875, 934.03125, 2044.7109375, 23, 27.25, 408
23.0,79.0,1615.2781982421875, 1525.1640625, 1911.2265625, 868.984375, 2074.875, 26, 25.8125, 352
18.5,81.0,1550.283203125, 1406.59375, 1876.5390625, 885.0234375, 1999.1640625, 23, 27.625, 184
19.0,76.5,1591.360595703125, 1390.0078125, 1933.8125, 952.09375, 2051.328125, 22, 27.3125, 407
15.0,76.0,1613.2017822265625, 1488.203125, 1969.53125, 909.90625, 2064.671875, 20, 25.9375, 602
24.5,83.0,1538.4981689453125, 1306.703125, 1830.296875, 920.625, 1968.8046875, 25, 25.875, 196
20.0,84.0,1545.927490234375, 1402.140625, 1832.5078125, 860.25, 1972.109375, 24, 24.1875, 726
21.0,80.5,1593.6961669921875, 1486.6640625, 1904.4375, 878.46875, 2049.2578125, 24, 26.5, 383
24.5,79.5,1595.22607421875, 1484.234375, 1891.1328125, 875.75, 2054.7421875, 26, 25.1875, 389
18.0,82.0,1499.1651611328125, 1334.734375, 1813.078125, 837.09375, 1912.109375, 23, 25.0625, 402
19.0,72.0,1669.1143798828125, 1548.0078125, 1983.671875, 896.03125, 2105.703125, 21, 27.0625, -60
20.5,77.5,1602.201416015625, 1456.7890625, 1930.796875, 916.3203125, 2063.296875, 23, 27.0625, 392
14.0,78.5,1578.8548583984375, 1444.625, 1965.5, 919.5625, 2036.515625, 17, 27.25, 431
18.0,84.5,1536.423095703125, 1245.2421875, 1849.484375, 935.921875, 1931.5703125, 18, 27.375, -1597
32.0,76.5,1533.6851806640625, 1454.0078125, 1734.671875, 805.578125, 1956.1875, 31, 21.5, 765
32.0,76.0,1469.3966064453125, 1265.5234375, 1688.3203125, 865.3046875, 1862.6875, 28, 23.625, 407
26.5,72.0,1758.08837890625, 1778.546875, 2038.84375, 865.8046875, 2273.1484375, 30, 27.125, 221
21.5,74.0,1622.3782958984375, 1527.765625, 1942.8125, 885.515625, 2087.1640625, 24, 26.9375, 102
24.0,85.5,1573.0743408203125, 1359.625, 1834.921875, 904.0703125, 1986.4765625, 25, 23.25, 561
17.5,75.0,1595.941650390625, 1395.4375, 1946.265625, 959.109375, 2053.5546875, 21, 27.1875, 564
31.5,77.0,1603.333251953125, 1608.734375, 1762.90625, 742.140625, 2007.34375, 32, 13.4375, 1742
35.0,76.0,1579.03076171875, 1439.3046875, 1605.578125, 666.296875, 1799.5859375, 33, -7.75, 4286
20.0,77.0,1592.1207275390625, 1424.40625, 1919.4453125, 926.84375, 2048.1796875, 23, 26.5, 491
27.0,81.5,1492.1806640625, 1212.296875, 1761.9140625, 927.125, 1897.09375, 25, 25.1875, 106
12.0,78.0,1565.04736328125, 1366.1015625, 1953.484375, 943.6875, 2002.5390625, 15, 26.75, 461
31.0,77.0,1573.4722900390625, 1474.1953125, 1772.8359375, 824.609375, 1985.6015625, 30, 19.375, 1048
35.5,78.5,1768.121826171875, 1683.3125, 1729.4765625, 569.390625, 1994.6171875, 36, -14.8125, 5419
27.0,76.0,1647.1717529296875, 1524.8671875, 1904.6328125, 895.2890625, 2110.1484375, 29, 25.25, 403
18.5,85.0,1537.7869873046875, 1251.984375, 1846.3359375, 931.390625, 1933.328125, 19, 27.3125, -817
19.5,75.5,1620.082275390625, 1446.25, 1962.921875, 945.2578125, 2083.296875, 22, 26.5, 463
18.5,76.0,1591.7293701171875, 1385.8671875, 1923.3046875, 949.7109375, 2037.9140625, 22, 25.6875, 690
13.5,77.0,1608.7830810546875, 1503.125, 1967.4140625, 895.9296875, 2047.421875, 18, 24.5625, 801
27.0,80.5,1496.07275390625, 1188.796875, 1765.4765625, 945.1875, 1902.4296875, 25, 25.0625, 131
19.0,77.0,1584.818603515625, 1383.21875, 1925.171875, 950.15625, 2043.96875, 22, 27.5625, 392
22.0,75.5,1619.9794921875, 1510.6953125, 1933.6171875, 894.21875, 2084.890625, 25, 26.6875, 252
20.5,83.5,1557.6123046875, 1387.34375, 1868.1171875, 893.4453125, 2003.8515625, 24, 27.5, 161
13.5,78.0,1626.98583984375, 1520.2734375, 1998.3046875, 904.0390625, 2070.28125, 17, 24.1875, 854
32.5,77.0,1234.85107421875, 961.71875, 1354.0625, 617.21875, 1509.46875, 31, 2.625, 3128
22.5,75.0,1629.5010986328125, 1578.828125, 1936.3671875, 862.1796875, 2098.609375, 26, 25.75, 439
22.5,75.5,1627.7906494140625, 1552.8359375, 1923.2734375, 869.7109375, 2085.40625, 26, 25.25, 549
28.5,77.0,1480.9315185546875, 1178.9375, 1729.4921875, 928.9296875, 1883.765625, 27, 25.125, 218
20.0,82.0,1591.721435546875, 1488.640625, 1886.0078125, 860.3828125, 2029.2421875, 25, 24.875, 649
24.0,72.5,1741.358154296875, 1879.1796875, 2030, 793.46875, 2244.65625, 28, 26.5, 183
27.0,85.5,1464.3319091796875, 1223.15625, 1730.8671875, 882.1875, 1861.6015625, 25, 25.3125, 104
19.0,81.5,1577.778076171875, 1501.921875, 1890.296875, 846.421875, 2025.703125, 24, 25.0625, 523
15.0,77.0,1600.906005859375, 1462.3046875, 1971.8671875, 925.59375, 2060.4296875, 19, 27.5, 438
18.0,83.5,1539.2904052734375, 1280.1328125, 1859.4609375, 933.1796875, 1954.40625, 20, 27.25, 32
26.0,79.0,1545.735595703125, 1299.5390625, 1827.2890625, 936.484375, 1976.671875, 26, 25.9375, 157
19.0,81.0,1570.013427734375, 1473.5625, 1891.3203125, 859.6875, 2023.3828125, 24, 25.9375, 334
30.5,77.0,1518.2830810546875, 1312.8515625, 1750.0703125, 887.578125, 1934.4765625, 29, 24.25, 312
20.0,73.5,1622.720703125, 1544.484375, 1909.375, 845.3046875, 2057.765625, 24, 23.25, 739
20.5,80.0,1595.8818359375, 1469.21875, 1909.890625, 887.9765625, 2053.1875, 24, 27.25, 226
10.0,78.0,1579.1397705078125, 1417.2265625, 2010.7421875, 941.65625, 2042.25, 11, 29.125, 157
13.5,77.5,1591.111328125, 1486.140625, 1962.171875, 899.40625, 2038.1171875, 18, 24.8125, 749
30.0,76.0,1521.95556640625, 1259.8359375, 1762.28125, 922.5078125, 1933.9765625, 28, 24.3125, 234
10.5,78.0,1562.35888671875, 1372.7109375, 1982.0625, 952.3984375, 2013.875, 12, 28.375, 242
35.5,78.0,1951.4149169921875, 2276.28125, 1930.46875, 535.2734375, 2254.21875, 35, -16.125, 5478
26.0,74.0,1737.8831787109375, 1805.6484375, 2017.875, 830.0234375, 2245.3046875, 29, 26.375, 342
15.0,76.5,1596.7674560546875, 1465.859375, 1946.8359375, 900.796875, 2042.546875, 20, 25.5, 638
28.5,75.5,1570.2972412109375, 1331.34375, 1814.7109375, 930.46875, 2007.328125, 29, 25.8125, 262
26.5,82.0,1486.5550537109375, 1182.546875, 1758.8984375, 940.4296875, 1891.0078125, 25, 25.375, 100
19.0,72.5,1648.3052978515625, 1492.078125, 1958.78125, 907.125, 2077.640625, 21, 26.875, -28
28.5,75.0,1591.1263427734375, 1370.3359375, 1837.6484375, 927.6640625, 2036.6796875, 30, 26.25, 258
17.5,75.5,1564.6312255859375, 1329.0390625, 1916.53125, 971.8671875, 2016.71875, 20, 28.1875, 446
27.0,80.0,1497.067626953125, 1186.765625, 1769.84375, 949.765625, 1905.2890625, 25, 25.1875, 122
23.0,73.5,1687.5484619140625, 1714.90625, 1988.1171875, 837.0859375, 2171.6875, 26, 26.875, 85
12.5,77.0,1612.6900634765625, 1473.0390625, 1992.3046875, 925.125, 2058.8671875, 16, 25.5, 659
11.0,77.5,1617.464111328125, 1447.1953125, 2037.734375, 958.5546875, 2074.8046875, 12, 27.625, 314
26.5,80.5,1502.5103759765625, 1190.671875, 1777.4140625, 953.90625, 1913.171875, 25, 25.375, 127
19.5,85.5,1541.4569091796875, 1248.5234375, 1836.765625, 928.703125, 1932.6328125, 20, 27.125, -64
21.0,83.0,1557.1483154296875, 1388.40625, 1866.40625, 898.1328125, 2003.09375, 24, 27.1875, 214
32.0,75.5,1467.97314453125, 1210.5390625, 1685.3515625, 889.046875, 1857.265625, 28, 23.0625, 246
30.5,78.5,1615.155517578125, 1609.40625, 1780.2578125, 711.390625, 2013.5625, 32, 16.5, 1437
24.5,74.5,1720.81982421875, 1790.40625, 2010.953125, 821.015625, 2213.0703125, 28, 25.5, 460
24.5,82.5,1548.1502685546875, 1335.8515625, 1839.6171875, 914.3203125, 1984.28125, 25, 25.875, 229
27.0,82.0,1489.2445068359375, 1215.5546875, 1755.3203125, 920.8984375, 1892.296875, 25, 25.125, 100
20.5,76.5,1605.780517578125, 1472.4609375, 1941.8828125, 912.1015625, 2074.140625, 23, 26.5, 494
18.0,84.0,1551.533935546875, 1273.0859375, 1863.078125, 931.1953125, 1951.1953125, 19, 27.25, -53
22.5,84.5,1582.630859375, 1426.8359375, 1868.3359375, 886.6171875, 2022.6484375, 25, 25.75, 352
19.5,85.0,1521.544677734375, 1242.828125, 1828.4140625, 934.78125, 1932.1953125, 22, 26.9375, 27
23.5,72.0,1721.267333984375, 1815.3359375, 2020.796875, 815.546875, 2224.9296875, 28, 27.3125, 36
26.0,83.5,1460.3975830078125, 1130.09375, 1736.9296875, 948.6640625, 1858.46875, 24, 25.625, 75
18.0,79.0,1610.020751953125, 1453.2578125, 1947.3828125, 917.84375, 2063.21875, 22, 26.75, 454
31.0,76.5,1481.2344970703125, 1270.1875, 1718.4921875, 881.546875, 1887.046875, 28, 23.5625, 302
27.5,72.0,1737.9427490234375, 1692.5625, 2012.921875, 893.84375, 2244.1015625, 30, 27.375, 179
21.0,82.5,1586.348388671875, 1441.390625, 1893.046875, 891.96875, 2036.03125, 24, 26.6875, 335
19.0,76.0,1588.5557861328125, 1407.203125, 1940.8515625, 949.6484375, 2054.890625, 22, 26.8125, 509
18.5,85.5,1537.1197509765625, 1259.4296875, 1847.21875, 928.703125, 1934.1484375, 19, 27.375, -2127
10.0,76.5,1489.3509521484375, 1180.5546875, 1852.171875, 972.9296875, 1897.8046875, 15, 27.0625, 40
18.0,79.5,1586.9154052734375, 1421.359375, 1925.3671875, 913.015625, 2038.1796875, 21, 27.5625, 290
16.5,78.0,1600.068115234375, 1432.859375, 1957.421875, 934.984375, 2059.7109375, 21, 27.4375, 394
26.0,74.5,1716.29638671875, 1732.203125, 1991.8046875, 846.625, 2209.9609375, 29, 25.6875, 434
29.0,76.0,1523.20654296875, 1251.3359375, 1771.859375, 934.703125, 1943.359375, 28, 25.25, 216
24.5,74.0,1729.1162109375, 1843.5546875, 2021.859375, 800.640625, 2232.2265625, 28, 25.625, 418
23.0,73.0,1707.0830078125, 1774.6484375, 2014.59375, 828.2109375, 2202.78125, 27, 27.1875, 71
21.0,78.0,1594.062255859375, 1455.8359375, 1911.5546875, 902.1953125, 2050.59375, 24, 26.75, 339
20.5,76.0,1630.8504638671875, 1512.7109375, 1949.4921875, 900.4453125, 2081.8046875, 23, 24.625, 674
21.0,79.5,1596.23193359375, 1462.90625, 1909.2734375, 895.8125, 2054.90625, 24, 27.25, 258
11.0,76.5,1471.647705078125, 1186.1640625, 1827.7265625, 942.9453125, 1884.8359375, 16, 26.8125, 115
20.5,85.5,1485.70654296875, 1207.203125, 1790.8671875, 926.8125, 1898.7578125, 23, 26.75, 103
27.0,75.0,1669.660888671875, 1559.6171875, 1928.2109375, 896.703125, 2142.109375, 29, 25.8125, 361
26.0,79.5,1527.187744140625, 1258.5625, 1809.84375, 942.84375, 1953.5703125, 25, 26, 138
30.0,75.5,1531.4439697265625, 1275.03125, 1775.2734375, 926.2890625, 1949.125, 28, 24.75, 221
30.0,76.5,1509.484619140625, 1251.5703125, 1748.109375, 915.953125, 1916.7890625, 27, 24.1875, 244
10.0,78.5,1555.233642578125, 1349.625, 1980.2109375, 960.5546875, 2007.3515625, 11, 29.1875, 99
25.0,85.0,1498.1259765625, 1192.4609375, 1787.2109375, 947.25, 1908.78125, 23, 25.9375, 86
18.5,80.5,1565.611083984375, 1393.1484375, 1883.6796875, 889.390625, 2000.28125, 22, 27.5, 217
19.0,85.5,1536.5628662109375, 1253.0703125, 1842.3515625, 929.921875, 1932.5390625, 19, 27.3125, -623
26.5,80.0,1513.71826171875, 1209.078125, 1789.046875, 953.515625, 1929.2109375, 25, 25.375, 131
26.0,83.0,1472.49658203125, 1150.0859375, 1750.6171875, 949.265625, 1874.71875, 24, 25.625, 83
24.0,80.5,1617.66650390625, 1505.6484375, 1896.765625, 868.5703125, 2069.875, 26, 25.25, 405
23.5,76.0,1637.9168701171875, 1550.7421875, 1929.8046875, 879.75, 2099.8359375, 26, 25.5, 486
18.5,84.0,1524.244140625, 1249.5078125, 1838.609375, 939.6328125, 1939.421875, 21, 27.375, 36
23.5,81.5,1623.473876953125, 1520.6953125, 1900.0625, 851.234375, 2063.3515625, 26, 24.375, 520
35.0,75.0,1639.2347412109375, 1694.875, 1681.375, 625.59375, 1915.65625, 34, -8.6875, 4597
24.0,80.0,1620.0411376953125, 1512.203125, 1900.7265625, 872.234375, 2072.3515625, 27, 25.375, 414
28.0,78.0,1504.6256103515625, 1204.109375, 1759.9140625, 940.28125, 1911.4921875, 26, 24.875, 188
27.5,74.5,1668.9539794921875, 1551.203125, 1920.09375, 896.8515625, 2141.15625, 30, 26.0625, 333
20.0,85.5,1500.02392578125, 1203.953125, 1799.921875, 934.0078125, 1904.9375, 22, 27, 29
12.5,76.0,1568.338134765625, 1400.2421875, 1917.7578125, 902.5703125, 1983.8125, 17, 22.9375, 869
15.0,78.0,1565.186767578125, 1392.7734375, 1942.6875, 939.09375, 2023.9453125, 18, 28.75, 255
24.5,77.0,1625.1995849609375, 1522.96875, 1909.3203125, 880.6171875, 2084.75, 27, 25.6875, 418
23.5,81.0,1622.341552734375, 1547.9921875, 1908.2578125, 858.6640625, 2075.4296875, 26, 25.3125, 453
24.5,82.0,1567.708740234375, 1368.1171875, 1856.4765625, 909.8359375, 2008.140625, 25, 25.8125, 286
24.5,78.0,1613.0223388671875, 1486.21875, 1890.8125, 886.1875, 2061.265625, 26, 25.1875, 430
27.0,84.0,1461.97119140625, 1190.8984375, 1724.140625, 900.9609375, 1854.828125, 25, 25.0625, 92
22.0,81.5,1595.984619140625, 1466.1484375, 1893.65625, 883.6796875, 2049.2734375, 25, 26.5625, 295
35.5,77.0,1502.0849609375, 1369.8125, 1538.015625, 635.859375, 1725.078125, 34, -13.875, 4906
25.0,85.5,1492.816650390625, 1178.6328125, 1776.8125, 947.484375, 1899.9375, 24, 25.875, 72
31.0,77.5,1642.7274169921875, 1645.671875, 1752.84375, 713.1796875, 2007.796875, 32, 11.625, 2227
19.0,80.5,1568.5633544921875, 1434.1328125, 1889.2890625, 886.7265625, 2019.2109375, 23, 27.125, 228
24.5,75.5,1668.6734619140625, 1612.4375, 1955.9921875, 866.703125, 2138.890625, 26, 25.5, 496
19.0,80.0,1568.619140625, 1424.515625, 1895.9765625, 894.3984375, 2024.296875, 23, 28.25, 125
29.5,76.0,1520.346435546875, 1248.1953125, 1763.46875, 931.8515625, 1935.515625, 28, 24.875, 223
23.0,78.0,1597.256103515625, 1495.90625, 1895.859375, 873.546875, 2050.875, 26, 25.4375, 376
27.5,83.5,1463.9951171875, 1233.7421875, 1726.8203125, 874.453125, 1862.0859375, 25, 24.75, 110
34.5,77.5,1663.2027587890625, 1631.046875, 1710.515625, 643.5, 1942.0703125, 33, -9.8125, 4617
19.5,79.5,1564.898193359375, 1417.8359375, 1893.171875, 899.421875, 2023.7578125, 23, 27.625, 232
17.5,76.0,1572.2291259765625, 1341.109375, 1922.1015625, 969.7265625, 2024.3828125, 21, 27.9375, 465
23.0,82.5,1619.9267578125, 1508.78125, 1897.28125, 865.96875, 2065.5234375, 26, 24.75, 479
27.0,84.5,1463.112548828125, 1197.4296875, 1726, 899.0234375, 1858.3203125, 25, 25.1875, 80
24.5,73.0,1744.1326904296875, 1931.234375, 2032.3046875, 751.3046875, 2250.625, 28, 24.8125, 456
25.0,72.0,1749.7120361328125, 1837.09375, 2036.3671875, 827.6484375, 2259.4921875, 29, 26.9375, 85
32.5,78.5,1855.911865234375, 2126.84375, 1910.9296875, 574.59375, 2160.0546875, 32, -12, 5547
21.5,77.0,1584.3294677734375, 1474.875, 1889.2734375, 875.6015625, 2034.515625, 25, 25.9375, 418
22.0,84.0,1570.7557373046875, 1391.328125, 1866.578125, 901.6640625, 2014.2421875, 25, 26.75, 207
19.5,77.0,1594.0374755859375, 1410.5703125, 1928.3203125, 938.6796875, 2052.8671875, 22, 27.125, 418
22.5,85.5,1555.921875, 1373.4375, 1845.65625, 891.3984375, 1987.828125, 25, 24.75, 481
23.5,85.0,1615.0809326171875, 1472.3828125, 1877.4140625, 876.9921875, 2041.2890625, 26, 22.9375, 675
18.0,74.0,1596.979248046875, 1464.375, 1923.6953125, 897.421875, 2038.4375, 22, 23.5625, 832
13.0,75.5,1444.009521484375, 1237.375, 1771.4609375, 864.28125, 1848.1484375, 20, 23.875, 423
24.5,73.5,1741.47216796875, 1895.4765625, 2023.296875, 753.0859375, 2238.15625, 28, 24.1875, 594
34.0,78.5,1838.070068359375, 2136.65625, 1899.96875, 591.1328125, 2179.03125, 33, -5.75, 4899
23.5,72.5,1725.754150390625, 1838.6328125, 2023.75, 804.6171875, 2226.015625, 27, 26.8125, 99
22.0,81.0,1609.560791015625, 1541.828125, 1888.4296875, 844.96875, 2048.5, 25, 23.875, 757
12.5,76.5,1625.2093505859375, 1492.515625, 1992.6796875, 910.296875, 2063.84375, 17, 24.3125, 785
22.0,75.0,1609.0009765625, 1517.578125, 1929.3515625, 887.9609375, 2081.109375, 25, 27.375, 210
25.0,76.5,1627.55615234375, 1507.015625, 1912.1484375, 894.25, 2090.46875, 27, 26.375, 288
26.0,78.5,1561.7421875, 1332.078125, 1838.578125, 930.765625, 1998.2734375, 26, 25.875, 189
33.0,77.5,1943.5328369140625, 2283.734375, 2021.1640625, 530.3671875, 2286.6796875, 33, -9.375, 5147
20.5,85.0,1504.10888671875, 1253.484375, 1808.890625, 916.8984375, 1927.4609375, 23, 27.125, 69
16.0,76.0,1599.538818359375, 1433.046875, 1955.6171875, 937.2109375, 2052.5078125, 20, 26.625, 572
21.0,74.5,1622.075439453125, 1527.25, 1950.8828125, 898.3828125, 2092.46875, 24, 26.6875, 373
10.0,77.5,1595.0341796875, 1448.234375, 2015.6875, 922.46875, 2051.890625, 12, 27.3125, 287
19.0,85.0,1539.9337158203125, 1261.859375, 1843.7265625, 924.34375, 1937.3671875, 20, 27.125, -48
21.5,83.0,1559.59228515625, 1385.515625, 1858, 898.53125, 1998.875, 24, 26.5625, 336
30.5,78.0,1476.692626953125, 1447.6796875, 1729.34375, 796.9296875, 1916.2734375, 31, 16.5, 1315
21.0,79.0,1584.3072509765625, 1442.2734375, 1897.875, 898.640625, 2041.6640625, 24, 27.4375, 278
27.5,73.5,1725.411865234375, 1696.2265625, 1983.171875, 871.6015625, 2220.1328125, 31, 26.5, 315
28.0,78.5,1504.383056640625, 1204.1484375, 1760.640625, 941.203125, 1910.7265625, 26, 24.75, 185
27.5,74.0,1697.7625732421875, 1622.15625, 1950.8828125, 884.890625, 2181.46875, 30, 26.3125, 308
24.0,72.0,1734.501708984375, 1837.0703125, 2026.921875, 814.140625, 2236.859375, 28, 26.875, 75
27.5,83.0,1495.494140625, 1296.046875, 1759.9921875, 871.9296875, 1903.71875, 25, 24.75, 98
27.5,72.5,1738.0679931640625, 1710.9296875, 2007.9296875, 878.53125, 2243.8203125, 30, 27.25, 190
32.5,78.0,1930.3369140625, 1935.4921875, 1901.6875, 546.390625, 2181.3984375, 35, -14.125, 5368
25.0,82.5,1536.0850830078125, 1277.1875, 1823.5625, 933.640625, 1963.2734375, 25, 25.9375, 168
23.5,85.5,1582.8341064453125, 1398.203125, 1842.203125, 886.609375, 1996.3828125, 26, 22.9375, 671
19.5,84.5,1488.5709228515625, 1241.7109375, 1790.1015625, 897.875, 1890.1640625, 22, 25.25, 370
25.5,74.0,1761.6795654296875, 1885.84375, 2037.1796875, 797.2265625, 2259.109375, 28, 24.6875, 611
19.5,78.0,1582.7781982421875, 1407.28125, 1911.2890625, 924.53125, 2038.25, 23, 27.25, 400
18.0,80.5,1551.4281005859375, 1378.0390625, 1885.203125, 907.0859375, 1996.9921875, 22, 27.875, 254
19.0,78.0,1606.6202392578125, 1433.203125, 1940.4296875, 929.9921875, 2068.0078125, 23, 27.375, 354
19.5,79.0,1558.3876953125, 1394.046875, 1887.890625, 907.3671875, 2011.15625, 23, 27.625, 365
19.0,78.5,1611.08251953125, 1457.1171875, 1949.890625, 921.1875, 2076.484375, 23, 27.6875, 298
25.0,82.0,1535.5570068359375, 1285.4609375, 1824.34375, 928.4453125, 1963.5234375, 25, 26.1875, 115
35.5,77.5,1683.1771240234375, 1726.828125, 1699.140625, 589.265625, 1931.671875, 34, -16.25, 5414
19.5,74.5,1619.8843994140625, 1483.3359375, 1960.0625, 923.140625, 2084.625, 22, 25.8125, 530
27.5,78.0,1519.5311279296875, 1224.125, 1779.8984375, 946.125, 1933.625, 26, 25.0625, 174
17.0,78.5,1613.9346923828125, 1460.3203125, 1954.3125, 916.890625, 2059.6640625, 21, 25.5, 649
25.5,75.0,1688.9195556640625, 1665.0703125, 1969.3203125, 861.875, 2174.40625, 28, 26, 357
21.0,78.5,1587.2095947265625, 1452.2578125, 1898.515625, 894.1953125, 2036.3203125, 24, 26.5, 406
26.5,73.0,1764.3125, 1830.6015625, 2036.5078125, 835.8828125, 2276.703125, 30, 26.8125, 247
11.0,75.5,1565.121826171875, 1264.1328125, 1914.8984375, 960.203125, 1965.2265625, 14, 27, -44
29.5,75.0,1544.53955078125, 1295.1484375, 1794.2578125, 926.546875, 1971.6015625, 28, 25.375, 199
23.5,80.5,1618.1248779296875, 1551.1953125, 1906.453125, 853.65625, 2069.5703125, 26, 24.625, 566
27.5,78.5,1515.3687744140625, 1216.484375, 1778.78125, 947.453125, 1928.59375, 26, 25.0625, 174
14.0,77.0,1626.1636962890625, 1526.3046875, 1995.234375, 906.375, 2081.875, 19, 25.8125, 627
24.0,77.5,1633.23486328125, 1526.9296875, 1913.0625, 879.6875, 2085.8046875, 26, 24.9375, 523
27.0,76.5,1610.6756591796875, 1436.8828125, 1869.3125, 909.8046875, 2062.3828125, 28, 25.6875, 289
25.5,72.5,1764.2310791015625, 1871.359375, 2050.7109375, 818.6015625, 2278.5625, 29, 26.9375, 153
21.0,81.0,1599.8304443359375, 1478.4765625, 1907.859375, 882.578125, 2052.9765625, 24, 26.75, 310
11.0,76.0,1517.85986328125, 1220.0859375, 1886.109375, 978.109375, 1938.1015625, 15, 27.4375, 70
20.5,81.0,1582.3643798828125, 1476.6875, 1891.3125, 868.5859375, 2032.71875, 24, 26.125, 430
18.0,78.5,1617.5938720703125, 1465.09375, 1952.1171875, 917.65625, 2068.2109375, 22, 25.9375, 569
25.0,78.5,1618.400390625, 1471.953125, 1899.7890625, 896.578125, 2071.15625, 27, 25.5, 332
10.0,77.0,1467.3133544921875, 1199.2578125, 1800.1328125, 899.125, 1850.125, 15, 24.375, 629
15.5,77.5,1603.335693359375, 1448.0078125, 1972.09375, 936.109375, 2064.3671875, 20, 27.8125, 421
22.0,85.0,1538.4119873046875, 1343.609375, 1826.2265625, 894.078125, 1968.75, 25, 26.625, 206
21.0,75.0,1602.5369873046875, 1465.6640625, 1929.390625, 914.4921875, 2067.9375, 24, 27.25, 226
18.5,72.0,1663.125244140625, 1528.3828125, 1982.4140625, 902.6796875, 2098.84375, 21, 27.1875, -67
25.0,77.0,1646.0374755859375, 1538.328125, 1919.828125, 883.34375, 2103.7734375, 27, 25.1875, 416
22.0,76.5,1609.425048828125, 1487.765625, 1920.8515625, 897.6640625, 2072.0703125, 25, 26.75, 285
27.5,82.5,1523.5550537109375, 1347.2265625, 1788.484375, 874.875, 1940.6171875, 26, 24.75, 108
10.5,77.5,1592.124755859375, 1435.375, 2014.8515625, 936.765625, 2048.6484375, 12, 27.6875, 294
18.5,73.0,1573.4130859375, 1391.5390625, 1894.375, 907.015625, 2011.5, 22, 26.3125, 29
20.5,84.0,1555.15966796875, 1404.75, 1859.6484375, 885.109375, 1994.0625, 24, 26.25, 399
23.5,76.5,1618.7530517578125, 1506.875, 1909.640625, 887.1171875, 2074.5625, 26, 25.625, 432
11.5,75.0,1565.630859375, 1276.2109375, 1912.375, 955.171875, 1966.0625, 15, 27.125, -56
18.5,84.5,1542.20654296875, 1266.65625, 1853.828125, 929.1484375, 1945.9375, 19, 27.25, -7
35.5,75.0,1482.3997802734375, 1280.8828125, 1511.921875, 688.3671875, 1687.46875, 32, -12.5625, 5013
21.5,77.5,1627.9013671875, 1574.296875, 1903.65625, 832.25, 2056.8984375, 25, 21.875, 1058
26.5,72.5,1776.6619873046875, 1836.4609375, 2048.484375, 842.34375, 2288.0703125, 30, 26.5, 335
21.0,84.0,1552.0001220703125, 1358.2421875, 1859.0078125, 907.5546875, 1992.1875, 24, 27.5625, 132
22.0,72.5,1710.507568359375, 1732.875, 2034.953125, 848.3046875, 2190.6953125, 24, 27.875, -5
34.5,76.0,1584.5714111328125, 1538.8125, 1679.6875, 646.53125, 1874.90625, 33, -8.625, 4092
23.5,75.5,1645.8729248046875, 1582.921875, 1939.8515625, 871.03125, 2109.359375, 26, 25.5, 491
18.0,82.5,1529.5556640625, 1329.75, 1799.7421875, 835.53125, 1893.03125, 23, 21.25, 1114
26.0,73.0,1761.1136474609375, 1857.46875, 2041.546875, 821.9921875, 2275.6875, 30, 26.8125, 180
24.0,79.0,1620.44287109375, 1508.1953125, 1895.90625, 874.3046875, 2066.8046875, 26, 25, 481
11.5,75.5,1566.767822265625, 1273.21875, 1919.046875, 958.609375, 1974.0390625, 15, 26.75, -22
24.5,84.0,1536.4796142578125, 1279.328125, 1824.3671875, 929.7578125, 1959.75, 25, 25.625, 155
25.0,83.5,1501.176025390625, 1233.53125, 1800.7265625, 937.46875, 1928.5625, 24, 26.25, 95
18.5,82.0,1577.07080078125, 1452.5234375, 1888.40625, 868.5390625, 2022.2265625, 24, 26.75, 264
14.5,76.5,1637.000244140625, 1532.125, 2003.5703125, 910.609375, 2094.9375, 19, 25.8125, 615
20.0,82.5,1559.3968505859375, 1413.8828125, 1860.1796875, 876.7734375, 2002.8359375, 25, 26.8125, 305
23.5,75.0,1663.1011962890625, 1648.8984375, 1956.046875, 847.6796875, 2135.0703125, 26, 25.4375, 504
18.5,73.5,1551.672607421875, 1449.4375, 1865.8359375, 852.4375, 1989.703125, 23, 23.875, 625
27.0,85.0,1466.1583251953125, 1213.96875, 1730.4296875, 890.9609375, 1862.3984375, 25, 25.0625, 92
19.5,83.5,1514.1885986328125, 1332.0625, 1815.4921875, 872.5703125, 1933.53125, 24, 25.5625, 427
26.5,77.5,1590.2796630859375, 1371.0546875, 1854.4140625, 927, 2027.3203125, 27, 25.25, 296
34.5,78.0,1486.1070556640625, 1288.25, 1550.2265625, 688.53125, 1753.6015625, 35, -16.375, 5366
25.5,84.0,1478.6136474609375, 1155.4453125, 1763.71875, 949.671875, 1882.625, 23, 25.875, 65
15.0,75.5,1617.1904296875, 1491.5546875, 1969.078125, 906.375, 2068.9140625, 20, 25.5625, 575
21.0,85.0,1515.8087158203125, 1264.0625, 1814.640625, 921.71875, 1937.640625, 23, 26.875, 142
18.5,72.5,1643.9295654296875, 1479.421875, 1959.15625, 910.6796875, 2073.015625, 21, 27, -42
23.5,73.5,1703.48291015625, 1773.1640625, 1999.2578125, 813.7265625, 2195.3203125, 27, 26.8125, 217
22.0,78.0,1577.7559814453125, 1495.953125, 1886.5, 852.109375, 2034.515625, 25, 24.9375, 481
23.5,80.0,1614.9134521484375, 1527.09375, 1902.75, 862.8046875, 2069.8984375, 26, 25.6875, 372
11.5,78.0,1575.546142578125, 1369.3828125, 1979.5078125, 956.0625, 2023.1328125, 14, 28, 235
27.5,73.0,1743.500732421875, 1731.1484375, 2003.6328125, 868.28125, 2244.890625, 31, 26.75, 278
18.5,81.5,1562.96484375, 1426.140625, 1873.859375, 874.3984375, 2003.328125, 23, 26.625, 342
22.5,80.5,1614.31005859375, 1557.5, 1904.828125, 844.8125, 2073.8359375, 26, 25.5625, 464
19.5,74.0,1598.918701171875, 1529.03125, 1951.59375, 881.7109375, 2074.0390625, 23, 23.8125, 696
25.0,78.0,1623.503662109375, 1498.8125, 1899.921875, 887.171875, 2076.03125, 27, 24.875, 459
22.0,78.5,1617.792236328125, 1566.2734375, 1917.640625, 850.8515625, 2076.90625, 25, 24.75, 625
20.5,75.0,1607.9144287109375, 1469.0390625, 1941.953125, 920.0546875, 2074.96875, 23, 27.0625, 337
21.5,84.0,1560.2568359375, 1373.8515625, 1861.953125, 903.953125, 2000.78125, 24, 27.3125, 166
20.0,77.5,1585.074951171875, 1411.75, 1914.4765625, 924.9453125, 2044.453125, 23, 27.4375, 368
21.0,85.5,1501.7813720703125, 1257.3359375, 1808.671875, 919.53125, 1926.59375, 23, 26.4375, 163
25.5,77.0,1649.2247314453125, 1533.46875, 1916.8984375, 889.8203125, 2102.828125, 27, 25, 447
22.0,85.5,1534.323486328125, 1342.90625, 1821.125, 889.7890625, 1955.6015625, 25, 24.875, 437
26.5,76.0,1645.2342529296875, 1510.265625, 1909.1484375, 903.03125, 2107.921875, 29, 25.6875, 311
13.0,77.0,1594.255615234375, 1454.4765625, 1954.2578125, 908.3046875, 2025.984375, 17, 24.375, 759
19.5,83.0,1584.3883056640625, 1492.03125, 1869.3515625, 830.4609375, 2000.671875, 24, 23.3125, 804
10.0,75.5,1565.071044921875, 1298.8125, 1922.640625, 944.234375, 1966.5390625, 13, 27.125, -1113
26.5,77.0,1605.758056640625, 1421.7265625, 1875.78125, 918.4453125, 2056.3125, 28, 25.75, 271
21.0,76.5,1607.897216796875, 1460.71875, 1930.5390625, 915.828125, 2068.7265625, 24, 26.8125, 266
14.0,76.0,1609.8177490234375, 1501.2578125, 1961.8046875, 891.359375, 2050.1171875, 19, 24.625, 696
33.5,76.5,1608.29638671875, 1584.3515625, 1688.8125, 636.453125, 1924.1796875, 37, -12.4375, 5192
15.5,77.0,1611.921875, 1463.9765625, 1988, 938.0625, 2079.421875, 19, 28, 388
25.5,77.5,1644.6065673828125, 1509.046875, 1909, 897.0078125, 2092.4609375, 27, 24.5625, 473
18.5,82.5,1567.13916015625, 1467.53125, 1855.6796875, 827.5859375, 1984.5546875, 24, 23, 867
23.5,84.0,1629.402587890625, 1549.2578125, 1873.5625, 840.015625, 2042.8125, 26, 20.5, 1082
21.0,84.5,1535.8123779296875, 1330.09375, 1835.828125, 904.734375, 1966.7265625, 24, 26.75, 170
27.5,82.0,1529.3564453125, 1346.40625, 1794.625, 881.109375, 1945.8984375, 26, 24.75, 114
22.0,72.0,1673.855224609375, 1698.625, 1998.0703125, 850.2734375, 2168.109375, 25, 28.75, 10
10.0,75.0,1566.1287841796875, 1312.78125, 1926.265625, 939.8671875, 1969.109375, 13, 27.25, -2193
21.5,84.5,1532.7857666015625, 1342.75, 1834.1484375, 900.671875, 1968.15625, 24, 26.375, 266
14.0,75.5,1604.728271484375, 1481.6875, 1949.0625, 891.21875, 2041.125, 20, 24.5, 652
14.5,76.0,1611.3795166015625, 1504.0703125, 1966.359375, 894.671875, 2060.140625, 20, 25.5, 607
26.5,81.5,1489.3375244140625, 1183.0546875, 1762.8671875, 943.28125, 1895.71875, 25, 25.375, 112
25.0,76.0,1643.760009765625, 1552.6796875, 1934.2421875, 886.5703125, 2118.6875, 27, 26.6875, 288
31.0,78.0,1628.6815185546875, 1511.640625, 1692.9140625, 676.015625, 1954.1953125, 32, 17, 1594
20.5,80.5,1558.9620361328125, 1472.6640625, 1886.703125, 866.4140625, 2026.4921875, 24, 26.625, 351
24.0,77.0,1617.84521484375, 1503.8984375, 1904.5390625, 886.21875, 2074.7265625, 26, 25.6875, 416
33.5,77.5,1821.81787109375, 1800.78125, 1800.796875, 579.3828125, 2048.7265625, 33, -7.0625, 4582
25.0,73.5,1775.0118408203125, 1995.4140625, 2041.265625, 732.0390625, 2268.8125, 29, 22.125, 908
17.0,77.0,1576.1253662109375, 1363.921875, 1925.1875, 953.875, 2030.2421875, 21, 27.75, 398
22.5,78.0,1603.446533203125, 1526.484375, 1905.203125, 859.1328125, 2065.109375, 25, 25.75, 367
22.5,78.5,1597.6055908203125, 1530.34375, 1893.15625, 846.703125, 2044.625, 25, 24.0625, 695
33.5,76.0,1417.77197265625, 1365.640625, 1555.953125, 666.703125, 1782.6171875, 33, -1.0625, 3900
29.0,78.5,1506.4853515625, 1251.5, 1751.4453125, 911.8984375, 1912.59375, 27, 24.3125, 218
18.5,80.0,1577.1016845703125, 1421.2890625, 1910.484375, 907.15625, 2030.453125, 23, 28.1875, 165
23.0,83.0,1625.0185546875, 1530.1328125, 1902.3125, 860.609375, 2071.484375, 26, 24.1875, 571
33.5,78.0,1937.4229736328125, 2323.1171875, 1936.4921875, 553.8359375, 2236.0625, 35, -11.75, 5388
33.5,78.5,1808.460693359375, 1875.03125, 1797.3515625, 579.1640625, 2046.421875, 33, -12.9375, 5436
25.5,72.0,1748.3250732421875, 1797.9375, 2035.0546875, 848.8828125, 2261.5, 29, 27.75, 94
14.0,75.0,1583.58203125, 1445.0625, 1925.109375, 889.125, 2018.21875, 19, 24.4375, 580
21.5,80.5,1593.805419921875, 1498.8671875, 1899.375, 867.3984375, 2051.921875, 25, 26.375, 319
20.0,85.0,1490.6815185546875, 1216.9453125, 1800.0390625, 916.4375, 1901.375, 22, 26.5, 161
32.5,75.0,1486.2874755859375, 1258.578125, 1697.046875, 874.3984375, 1879.6328125, 29, 22.75, 305
26.0,81.0,1508.0682373046875, 1208.5859375, 1788.2109375, 948.8671875, 1922.9140625, 25, 25.75, 114
34.0,77.0,1711.4063720703125, 1774.25, 1782.984375, 618.734375, 2035.765625, 34, -6.875, 4531
26.0,72.5,1759.2681884765625, 1822.1328125, 2040.3125, 841.0390625, 2274.0859375, 30, 27.625, 139
24.5,80.0,1609.0555419921875, 1466.15625, 1888.703125, 888.4140625, 2057.375, 26, 25.375, 347
16.5,76.0,1594.65283203125, 1406.40625, 1945.2734375, 947.640625, 2045.8515625, 20, 27.0625, 575
32.5,75.5,1497.1737060546875, 1311.90625, 1699.53125, 847.3828125, 1873.6484375, 30, 20.8125, 655
24.5,80.5,1595.470458984375, 1447.21875, 1878.71875, 890.515625, 2040.359375, 26, 25.375, 346
26.0,72.0,1747.5364990234375, 1777.8359375, 2034.1484375, 860.328125, 2262.4765625, 30, 27.625, 131
34.0,77.5,1578.8909912109375, 1523.6796875, 1659.09375, 666.359375, 1886.921875, 33, -5.8125, 4435
23.5,79.5,1613.285888671875, 1514.4375, 1897.6796875, 868.3828125, 2066.578125, 26, 25.375, 427
23.5,79.0,1600.2230224609375, 1505.6484375, 1887.046875, 866.5390625, 2055.03125, 26, 25.4375, 478
35.5,75.5,1711.660888671875, 1781.3359375, 1733.4609375, 618.8984375, 1974.2890625, 33, -12.4375, 4649
25.0,73.0,1756.38720703125, 1943.7734375, 2050.1953125, 768.0390625, 2274.7421875, 29, 25.6875, 331
17.5,77.5,1565.2652587890625, 1358.125, 1894.9453125, 934.84375, 2002.546875, 21, 26.0625, 611
18.0,80.0,1569.4139404296875, 1400.7421875, 1908.828125, 908.3203125, 2018.09375, 21, 27.625, 266
21.0,81.5,1596.26416015625, 1459.5703125, 1903.703125, 890.3515625, 2048.71875, 24, 26.6875, 303
29.0,76.5,1511.1741943359375, 1229.3515625, 1758.2578125, 933.5625, 1923.3203125, 27, 24.875, 224
33.5,75.0,1449.2010498046875, 1232.9375, 1532.375, 697.546875, 1679.265625, 33, 0.1875, 3234
25.5,76.0,1635.815673828125, 1525.3046875, 1922.640625, 898.7734375, 2108.4453125, 27, 26.8125, 219
24.0,76.5,1623.0526123046875, 1517.5234375, 1914.671875, 887.0078125, 2084.640625, 26, 25.875, 430
24.0,81.5,1602.292236328125, 1473.375, 1891.5, 882.921875, 2051.6953125, 26, 25.4375, 358
25.5,76.5,1623.854248046875, 1489.234375, 1904.65625, 902.9609375, 2087.171875, 27, 26.5625, 228
33.5,75.5,1397.322021484375, 1412.96875, 1565.84375, 681.7421875, 1767.984375, 30, 4.125, 3246
28.5,76.0,1549.4605712890625, 1292.0625, 1798, 934.8671875, 1976.46875, 28, 25.1875, 259
21.5,83.5,1552.5755615234375, 1359.8359375, 1851.7421875, 906.125, 1992.1015625, 25, 27.375, 199
10.5,78.5,1551.281494140625, 1340.3984375, 1970.109375, 959.0859375, 2000.03125, 11, 28.875, 161
24.0,81.0,1615.863037109375, 1499.5, 1903.8125, 876.7265625, 2069.2734375, 26, 25.5, 351
29.5,77.5,1500.3421630859375, 1238.2421875, 1741.328125, 915.4609375, 1905.515625, 27, 24.3125, 246
19.0,77.5,1582.158203125, 1389.3515625, 1924.1875, 942.890625, 2040.6328125, 22, 27.5, 347
21.5,82.5,1558.0865478515625, 1405.9609375, 1867.3828125, 895.4765625, 2007.625, 24, 26.4375, 403
29.5,77.0,1504.869873046875, 1232.921875, 1743.6875, 919.28125, 1910.2109375, 28, 24.3125, 239
21.5,73.0,1644.357177734375, 1581.3125, 1961.71875, 882.3984375, 2114.3515625, 24, 27.125, 38
20.0,78.0,1580.880615234375, 1423.5546875, 1917.5078125, 922.4921875, 2046.390625, 23, 27.4375, 325
28.5,76.5,1517.2301025390625, 1236.65625, 1767.4140625, 936.8359375, 1932.046875, 27, 25.25, 217
21.5,73.5,1633.4403076171875, 1566.078125, 1940.2265625, 873.1640625, 2096.9453125, 25, 26.25, 227
24.0,76.0,1646.394775390625, 1561.9765625, 1938.6484375, 882.59375, 2111.875, 26, 25.8125, 452
20.0,78.5,1580.08251953125, 1415.5234375, 1909.546875, 918.6640625, 2040.03125, 23, 27.875, 261
23.0,74.5,1658.027099609375, 1634.171875, 1955.71875, 851.8515625, 2133.1328125, 27, 26, 300
26.5,76.5,1625.572509765625, 1464.390625, 1892.2109375, 910.5, 2082.5390625, 28, 25.6875, 258
26.5,85.5,1430.7510986328125, 1100.1015625, 1699.296875, 930.578125, 1816.8203125, 24, 25.5, 63
18.5,76.5,1587.5211181640625, 1381.25, 1922.078125, 949.2109375, 2035.78125, 22, 26.125, 613
30.5,77.5,1523.9609375, 1352.671875, 1731.1953125, 863.09375, 1931.96875, 30, 22.875, 427
10.5,76.0,1574.551025390625, 1314.78125, 1939.0546875, 949, 1988.5078125, 14, 27.125, -11
10.5,76.5,1438.100341796875, 1142.421875, 1787.4453125, 920.578125, 1833.875, 16, 26.1875, 291
25.5,84.5,1470.6585693359375, 1138.5703125, 1751.75, 950.125, 1870.828125, 24, 25.875, 69
