lat,long,h,wind_min, wind_max,power_ninth_decile,power_max
27.0,77.0,150,9.48, 9.51, 1001.42, 1001.65
23.5,72.5,150,9.28, 9.29, 957.42, 958.17
22.5,76.5,10,7.23, 7.24, 495.5, 495.63
26.5,80.5,150,8.42, 8.55, 797.44, 802.74
23.0,73.0,100,9.05, 9.07, 899.46, 899.76
21.0,72.0,150,9.09, 9.15, 961.79, 963.22
20.0,74.0,50,8.41, 8.47, 783.08, 783.9
23.5,78.0,100,6.93, 7.54, 535.34, 542.34
13.5,76.5,150,9.14, 9.22, 1017.19, 1022.32
21.0,78.0,100,7.04, 10.81, 1184.41, 1923.25
12.5,75.0,200,9.49, 9.51, 1114.69, 1115.49
28.5,75.0,150,9.36, 9.39, 953.7, 954.02
20.0,75.0,10,7.36, 7.37, 532.24, 532.66
14.5,78.0,100,5.29, 9.26, 696.49, 1309.21
14.5,76.5,10,7.14, 7.3, 568.12, 570.54
27.5,77.5,150,9.34, 9.38, 972.15, 972.8
23.0,80.5,50,6.86, 6.98, 496.94, 506.13
22.5,77.0,10,6.62, 6.97, 447.63, 473.95
31.0,76.5,200,9.41, 9.43, 986.8, 987.93
28.5,76.5,150,9.4, 9.42, 968, 969.6
20.0,78.0,10,5.6, 5.7, 308.6, 310.54
23.5,76.5,100,9.31, 9.33, 894.44, 894.79
24.5,79.0,200,7.99, 8.24, 779.54, 781.15
23.5,79.5,100,9.67, 10.55, 1450, 1517.46
12.5,77.0,10,6.51, 6.64, 454.87, 455.33
29.5,77.0,10,7.1, 7.1, 475.46, 476.05
29.5,76.5,10,7.1, 7.1, 474.77, 474.9
10.0,76.5,50,8.08, 8.13, 742.29, 742.63
23.5,81.0,100,8.44, 8.59, 764.75, 770.8
23.5,73.5,10,7.13, 7.14, 508.69, 508.95
23.5,80.5,50,6.73, 6.95, 473.48, 482.31
18.0,80.5,10,5.99, 6.26, 355.26, 361.68
22.0,79.5,10,5.88, 6.95, 506.72, 575.74
20.5,79.0,50,4.59, 8.23, 714.59, 1015.12
28.0,77.0,50,8.45, 8.48, 733.62, 734.04
35.5,78.0,50,8.42, 8.43, 725.98, 726.47
25.0,76.5,50,6.6, 11.8, 1282.75, 1912.96
12.0,77.0,150,8.52, 8.64, 852.64, 855.55
18.0,79.5,50,2.86, 5.72, 386.02, 626.16
21.5,75.5,200,9.73, 9.75, 1144.31, 1145.53
27.5,79.0,150,8.8, 8.92, 887.08, 892.6
12.5,77.0,200,8.59, 8.74, 904.5, 907.08
19.5,80.5,100,7.33, 7.71, 583.3, 604.11
32.0,78.5,200,9.27, 9.29, 1021.5, 1022.14
31.5,78.0,100,9.02, 9.06, 856.13, 856.46
14.0,75.0,200,9.52, 9.56, 1113.46, 1114.91
10.5,78.5,50,7.48, 7.85, 698.87, 739.06
12.0,78.0,100,8.2, 8.56, 727.36, 728.05
25.5,74.0,100,9.12, 9.14, 891.99, 892.36
29.0,75.0,10,7.18, 7.19, 495.85, 496.28
22.0,78.0,10,3.31, 8.48, 472.77, 1076.1
33.0,77.5,200,9.38, 9.41, 1016.88, 1017.48
15.5,75.0,100,9.31, 9.34, 999.61, 1000.4
14.5,78.5,200,4.94, 5.54, 376.12, 417.32
31.5,77.0,200,9.4, 9.42, 1004.73, 1005.69
23.0,74.5,100,9.2, 9.25, 895.16, 896
21.0,75.0,100,9.42, 9.43, 940.16, 940.65
26.5,81.5,150,9.13, 9.13, 933.82, 933.9
13.0,77.0,10,6.42, 6.64, 456.98, 457.59
22.5,72.0,150,9.09, 9.16, 947.13, 949.13
19.0,80.5,200,7.99, 8.12, 729.2, 732.8
18.5,77.5,150,7.72, 8.01, 733.45, 753.48
31.5,76.5,10,7.08, 7.09, 468.45, 468.72
27.5,72.0,200,9.38, 9.39, 977.25, 977.59
21.0,73.5,200,9.29, 9.31, 1018.25, 1019.3
20.0,80.0,200,9.97, 11.53, 1673.42, 1783.8
24.0,74.0,200,9.41, 9.45, 1013.23, 1013.99
22.0,77.5,100,6.95, 10.99, 1229.74, 1824.17
20.0,76.5,10,7.03, 7.08, 494.33, 494.72
20.5,74.5,150,9.51, 9.53, 1038.08, 1040.45
24.0,72.0,10,7.06, 7.09, 496.95, 497.86
24.5,80.0,150,10.46, 10.98, 1523.13, 1572.21
29.0,76.5,10,7.11, 7.13, 476.64, 476.76
27.0,75.5,150,9.45, 9.47, 963.69, 964.32
15.0,78.5,50,4.33, 4.93, 286.98, 303.99
18.0,74.5,200,9.68, 9.72, 1131.02, 1132.09
20.0,73.0,150,9.15, 9.18, 971.34, 971.79
26.0,80.0,150,10.85, 11.59, 1642.33, 1673.49
24.5,81.5,150,9.11, 9.12, 913.5499877929688, 913.87
27.0,72.0,50,8.45, 8.47, 747.26, 747.64
27.5,80.0,50,7.74, 7.99, 652.26, 658.47
25.5,81.0,150,8.7, 8.82, 862.5, 867.85
11.5,77.0,50,7.74, 7.84, 681.73, 682.24
20.5,76.5,150,9.32, 9.35, 992.85, 994.22
20.5,80.5,100,6.61, 7.2, 495.05, 516.8
16.5,77.0,100,7.65, 11.49, 981.19, 1853
27.0,76.5,50,8.51, 8.52, 734.5, 734.74
15.0,75.5,200,9.57, 9.59, 1126.55, 1127.28
24.0,80.5,150,7.89, 8.01, 673.91, 678.66
21.5,81.5,50,8.16, 8.16, 692.89, 693.31
25.0,79.5,50,7.09, 7.98, 780.03, 876.51
28.0,77.5,150,9.34, 9.38, 971.12, 971.55
18.0,75.0,50,8.64, 8.65, 828.9, 829.44
21.5,77.0,10,6.66, 6.91, 437.52, 439.17
32.0,77.5,50,8.37, 8.38, 715.87, 716.02
11.0,78.0,10,6.45, 6.6, 417.17, 418.88
19.0,78.0,150,7.59, 8.89, 838.97, 938.51
11.0,78.5,100,5.88, 14.11, 1278.46, 3272.93
27.5,81.5,50,8.27, 8.28, 738.92, 739.3
19.0,73.5,50,8.41, 8.45, 793.9, 794.24
27.0,75.0,50,8.45, 8.48, 747.48, 747.9
23.0,77.0,10,6.72, 6.95, 458.61, 461.12
23.5,79.0,10,5.53, 5.95, 326.01, 327.63
22.5,77.5,100,7.02, 7.24, 657.39, 722.48
13.0,76.0,100,9.12, 9.15, 988.86, 990.32
35.0,78.0,50,8.41, 8.42, 724.12, 724.33
26.0,81.5,150,9.13, 9.13, 931.2100219726562, 931.29
28.5,77.5,100,9.12, 9.14, 859.18, 859.73
26.5,76.0,200,9.59, 9.61, 1057.03, 1057.59
25.0,75.5,100,9.35, 9.38, 894.22, 894.96
16.5,76.0,200,9.8, 9.9, 1190.91, 1198.65
19.5,81.0,150,8.39, 8.58, 787.43, 795.42
12.0,78.5,200,8.05, 8.77, 992.51, 1125.41
26.5,75.5,50,8.5, 8.52, 736.34, 737.07
20.0,77.0,100,8.56, 8.73, 785.14, 787.04
20.0,74.5,150,9.53, 9.59, 1050.71, 1053.5
23.5,75.5,200,9.79, 9.81, 1123.75, 1124.11
16.0,76.5,150,9.8, 10.16, 1282.1, 1372.11
19.5,77.5,10,6.03, 6.14, 367.14, 367.7
18.0,76.5,50,8.11, 8.36, 763.13, 765.43
24.5,75.5,50,8.64, 8.67, 760.36, 760.7
11.5,78.0,10,6.38, 6.58, 410.49, 411.75
23.0,72.0,150,9.11, 9.17, 944.53, 946.45
32.0,77.5,150,9.31, 9.33, 950.42, 950.68
23.0,76.0,100,9.39, 9.41, 906.25, 906.91
27.0,79.5,50,6.65, 7.04, 500.08, 510.92
15.0,76.5,100,9.22, 9.44, 1044.81, 1049.6
20.5,79.5,150,5.59, 8.87, 889.13, 1042.94
29.5,75.0,10,7.18, 7.19, 493.6400146484375, 493.89
18.5,72.5,10,7.18, 7.2, 527.3300170898438, 527.51
26.0,81.0,50,7.92, 8.01, 684.45, 688.53
24.0,77.0,10,7.07, 7.23, 487.77, 491.36
20.0,72.0,50,8.31, 8.35, 777.11, 777.58
12.5,75.5,100,9.15, 9.18, 991.54, 992.86
10.0,77.5,10,6.61, 6.62, 441.92, 442.41
18.5,79.5,50,4.19, 7.38, 569.68, 836.34
28.0,78.5,100,8.87, 8.91, 835.73, 836.11
22.5,80.0,10,2.86, 7.11, 414.48, 963.19
23.0,79.5,100,9.13, 10.37, 1471.77, 1513.49
25.5,81.5,50,8.27, 8.28, 726.3099975585938, 726.58
23.0,79.0,100,7.19, 7.69, 570.04, 571.09
19.0,75.0,50,8.68, 8.69, 823.06, 823.41
15.5,78.0,100,6.41, 12.45, 1708.28, 2764.94
17.0,77.5,50,6.8, 12.26, 1109.96, 2451.02
35.0,78.5,150,9.25, 9.3, 958.74, 959.41
18.0,74.0,200,9.53, 9.62, 1085.63, 1088.35
23.5,80.0,50,5.65, 8.03, 854.22, 942.53
20.5,80.0,10,5.84, 6.45, 398.06, 458.73
24.5,72.5,10,7.13, 7.14, 501.64, 502.26
21.5,76.0,100,9.3, 9.33, 909.67, 910.02
16.0,75.5,150,9.53, 9.55, 1078, 1079.47
29.5,77.5,100,9.12, 9.14, 855.76, 856.33
16.0,77.5,50,4.34, 8.93, 525.8, 2167.78
30.0,78.0,10,7.03, 7.04, 480.2, 480.4
29.5,75.5,100,9.14, 9.15, 858.07, 858.42
24.5,74.0,10,7.14, 7.16, 506.01, 506.26
27.5,78.5,50,8.1, 8.16, 704.99, 705.43
22.0,75.0,10,7.39, 7.4, 518.06, 518.72
18.0,73.5,150,9.3, 9.34, 1006.28, 1007.17
18.5,80.0,150,6.32, 8.41, 750.08, 844.21
22.5,76.0,50,8.63, 8.64, 766.18, 766.86
26.0,75.0,150,9.41, 9.45, 976.91, 977.99
29.5,78.0,200,9.28, 9.3, 1027.46, 1027.99
26.5,79.0,150,8.43, 8.67, 831.91, 837.13
19.5,80.5,200,7.88, 8.36, 801.53, 824.2
29.5,77.0,200,9.43, 9.44, 1025.44, 1026.16
22.5,74.5,150,9.46, 9.53, 1009.52, 1012.63
22.0,74.0,50,8.36, 8.41, 763.66, 764.33
19.0,79.0,150,3.86, 6.33, 540.55, 587.9
14.5,77.0,200,9.13, 9.66, 1307.11, 1404.68
34.5,78.5,50,8.27, 8.3, 723.76, 724.32
25.5,78.0,50,8.02, 8.05, 667.52, 670.71
27.5,76.5,150,9.46, 9.48, 982.44, 983.46
29.0,78.0,200,9.29, 9.32, 1027.38, 1028.19
19.5,78.5,10,3.63, 4.54, 285.29, 334.43
30.0,77.0,100,9.12, 9.14, 851.86, 852.1
25.5,77.5,50,8.3, 8.42, 727.43, 727.66
19.5,75.0,50,8.68, 8.69, 816.07, 816.96
27.0,78.5,10,6.8, 6.88, 464.91, 465.53
26.0,79.0,50,7.25, 7.58, 596.79, 605.39
24.0,75.5,50,8.67, 8.7, 766.06, 766.47
24.0,72.5,100,9.1, 9.1, 889.75, 889.96
25.5,80.5,200,8.28, 8.38, 785.46, 792.63
25.5,75.5,150,9.57, 9.62, 1002.57, 1003.76
17.0,75.5,10,7.34, 7.35, 555.35, 555.92
18.5,72.5,200,9.39, 9.45, 1029.8699951171875, 1030.32
23.0,77.5,100,7.34, 8.82, 848.21, 930.98
28.0,76.0,150,9.41, 9.43, 948.65, 950.49
12.5,78.0,10,6.46, 6.68, 395.92, 399.71
21.0,76.0,100,9.24, 9.28, 910.66, 911.18
32.0,76.5,100,9.09, 9.1, 841.47, 841.73
15.0,76.0,100,9.45, 9.5, 1058.02, 1061.53
32.5,78.0,100,9.05, 9.07, 853.3, 853.7
18.5,75.5,150,9.62, 9.64, 1072.36, 1072.74
27.0,76.0,50,8.49, 8.5, 727.37, 728.21
16.5,78.0,50,4.13, 12.72, 1340.41, 3428.97
27.5,77.0,150,9.44, 9.48, 993.8, 994.97
33.0,78.5,150,9.22, 9.23, 952.89, 953.19
18.0,73.0,50,8.42, 8.45, 800.28, 800.88
27.0,80.5,10,6.51, 6.63, 426.47, 430.04
12.5,76.5,10,6.97, 7.02, 522.31, 524.45
18.0,78.0,50,4.19, 9.83, 720.8, 1443.67
18.5,77.0,150,8.45, 8.58, 817.9, 822.97
33.0,78.0,150,9.26, 9.31, 954.69, 955.09
13.0,76.5,200,9.18, 9.24, 1041.69, 1046.39
21.5,80.5,50,6.58, 6.84, 465.48, 471.71
23.5,77.0,200,9.45, 9.53, 1065.75, 1068.12
29.5,78.0,10,7.02, 7.05, 480.03, 480.29
21.5,78.0,100,7.72, 10.6, 1234.53, 1609.48
20.0,75.5,100,9.35, 9.36, 938.42, 939.34
29.5,78.0,100,9.02, 9.05, 857.22, 857.55
18.0,80.0,10,4.19, 6.1, 344.1, 365.17
29.0,76.5,200,9.45, 9.47, 1022.97, 1023.71
19.5,74.5,50,8.52, 8.61, 794.3, 798.1
12.0,76.5,10,6.92, 6.98, 513.53, 515.32
35.5,77.5,150,9.41, 9.42, 954.5499877929688, 954.8
16.0,78.5,10,1.61, 7.12, 524.97, 1475.37
10.5,77.5,200,8.6, 8.62, 846.37, 846.9
20.5,78.0,100,6.68, 7.21, 492.87, 510
19.0,77.0,150,8.53, 8.72, 844.53, 848.8
22.5,72.0,10,7, 7.05, 501.14, 502.07
16.5,75.0,150,9.52, 9.54, 1070.8, 1071.04
22.5,78.5,100,7.55, 8.13, 688.57, 705.92
20.0,81.0,10,6.34, 6.51, 405.31, 409.72
25.0,78.5,10,6.68, 6.7, 441.42, 442.51
13.5,76.0,150,9.36, 9.4, 1068.44, 1069.81
10.0,76.0,50,8.23, 8.26, 783.469970703125, 784.74
22.0,76.0,150,9.61, 9.63, 1040.49, 1041.16
17.0,78.5,10,1.76, 11.42, 2044.69, 6107.54
13.0,78.5,50,2.49, 7.16, 409.49, 1456.48
21.5,75.0,100,9.44, 9.46, 937.8, 938.1
10.5,76.5,150,8.91, 8.96, 930.86, 931.75
24.0,76.5,150,9.59, 9.6, 1016.78, 1017.64
14.0,76.5,200,9.31, 9.44, 1104.65, 1111.98
18.0,72.5,200,9.43, 9.44, 1032.72998046875, 1032.95
26.0,77.0,10,7.24, 7.26, 491.66, 492.01
26.0,78.0,150,9.04, 9.09, 907.34, 909.11
18.0,77.5,50,4.63, 12.52, 1518.54, 3417.28
18.5,76.5,50,8.14, 8.29, 748.13, 750.41
19.0,72.5,50,8.43, 8.44, 789.1199951171875, 789.46
27.5,72.5,150,9.26, 9.27, 937.17, 937.64
21.5,75.0,200,9.79, 9.8, 1148.48, 1149.15
24.5,76.5,150,9.6, 9.63, 1021.21, 1024.73
25.5,77.0,150,9.54, 9.56, 1012.63, 1013.01
21.5,74.5,10,7.24, 7.27, 508.23, 508.61
21.5,73.0,100,8.95, 8.97, 895.02, 895.98
24.5,73.5,150,9.3, 9.32, 961.86, 962.25
24.0,72.0,200,9.22, 9.28, 977.16, 978.82
21.0,77.5,100,6.59, 9.79, 1054.99, 1552.61
20.0,81.0,200,8.36, 8.58, 817.22, 826.56
24.5,81.0,150,8.63, 8.76, 844.71, 849.71
30.5,76.5,200,9.4, 9.44, 993.11, 994.49
12.0,77.5,200,8.46, 8.74, 844.12, 857.28
14.0,76.0,100,9.3, 9.34, 1028.18, 1029.77
21.5,72.0,10,7.01, 7.03, 506.71, 507.54
12.0,76.0,10,7.08, 7.12, 546.82, 548.27
27.0,75.5,10,7.19, 7.19, 481.4, 481.85
25.0,72.5,200,9.34, 9.35, 986.91, 987.55
22.0,80.5,100,7.51, 7.65, 576.38, 581.48
22.5,75.0,10,7.38, 7.39, 516.13, 516.74
22.0,78.5,100,6.75, 8.19, 604.5, 819.85
24.0,76.0,50,8.65, 8.66, 758.86, 759.26
26.0,72.0,10,7.13, 7.14, 494.32, 494.82
22.5,74.5,10,7.22, 7.25, 503.22, 503.47
26.5,79.5,10,4.9, 5.38, 277.06, 283.76
19.5,72.5,150,9.26, 9.28, 985.6900024414062, 986.3
31.0,76.0,200,9.37, 9.39, 961.8800048828125, 962.72
20.5,75.5,100,9.34, 9.36, 932.03, 932.86
26.0,76.0,50,8.55, 8.56, 740.4, 740.97
25.5,81.0,10,6.66, 6.76, 450.1, 452.45
21.0,80.5,150,7.06, 7.49, 585.83, 600.39
23.0,72.0,10,7.02, 7.06, 499.01, 499.95
24.5,74.0,100,9.13, 9.15, 894.68, 894.86
27.0,80.0,10,4.79, 7.64, 457.01, 788.32
26.0,78.0,50,8.11, 8.15, 686.65, 688.43
13.0,78.0,150,8.77, 9, 874.23, 880.94
25.0,74.0,150,9.32, 9.34, 964.09, 964.37
19.0,73.0,50,8.39, 8.43, 790.84, 791.27
34.0,77.5,150,9.39, 9.4, 953.83, 954.1
12.0,77.5,100,8.3, 8.56, 746.28, 757.91
30.5,77.5,10,7.09, 7.1, 475.86, 476.05
22.0,73.0,150,9.19, 9.2, 966.93, 967.37
25.0,78.5,100,8.61, 8.64, 779.95, 780.84
12.5,77.5,150,8.31, 8.82, 820.28, 847.18
25.5,80.5,10,5.99, 6.27, 370.15, 377.31
34.0,78.5,100,8.98, 9, 852.11, 852.52
23.0,74.0,200,9.35, 9.4, 1018.01, 1019.61
35.0,78.5,10,7.02, 7.06, 479.39, 479.61
19.0,79.5,100,6.3, 6.55, 425.99, 431.91
17.0,76.0,50,8.74, 8.81, 878.09, 882.89
31.5,78.0,200,9.29, 9.31, 1027.22, 1027.43
23.0,74.0,10,7.11, 7.13, 507.54, 507.81
20.0,80.5,150,6.89, 9.41, 834.76, 1213.96
24.0,74.5,100,9.15, 9.22, 888.04, 888.8
22.5,73.5,10,7.11, 7.13, 509.78, 510.39
28.0,76.0,10,7.14, 7.15, 470.84, 471.09
11.5,77.5,150,8.49, 8.61, 802.34, 805.56
17.5,75.5,50,8.61, 8.63, 826.28, 826.79
24.5,72.0,10,7.08, 7.12, 495.79, 496.41
22.5,81.0,100,8.43, 8.56, 753.31, 759.34
20.0,75.0,200,9.77, 9.78, 1163.33, 1163.82
18.5,79.0,150,4.2, 7.63, 913.45, 1059
32.5,77.5,50,8.38, 8.38, 715.09, 715.2
20.0,74.0,150,9.34, 9.4, 1011.45, 1015.04
12.5,78.0,200,8.6, 8.86, 872.75, 878.29
23.0,75.5,200,9.81, 9.81, 1132.19, 1133.12
25.5,79.5,50,5.83, 6.71, 533.5, 616.91
20.0,81.5,100,8.88, 8.88, 814.5499877929688, 814.65
14.5,76.0,100,9.4, 9.43, 1044.75, 1047.57
27.0,76.5,150,9.49, 9.51, 988.53, 989.49
19.0,78.5,10,3.51, 3.98, 225.3, 240.82
27.0,81.5,150,9.12, 9.12, 937.29, 937.7
25.0,79.0,10,5.72, 6.07, 349.32, 351.15
35.5,77.5,10,7.17, 7.18, 468.9599914550781, 469.86
22.5,73.5,150,9.28, 9.29, 970.75, 970.91
30.5,78.0,10,7.03, 7.04, 480.44, 480.9
30.0,76.0,10,7.09, 7.11, 469.99, 470.2
25.5,72.0,200,9.31, 9.35, 977.03, 978.54
19.5,77.0,10,6.56, 6.71, 437.5, 438.33
20.0,76.0,10,7.2, 7.23, 512.37, 513.15
18.5,72.0,100,9.1, 9.12, 928.1900024414062, 928.49
20.5,78.0,10,5.03, 5.43, 279.53, 285.8
26.5,76.0,50,8.52, 8.53, 735.47, 736.05
25.5,79.0,150,7.98, 8.3, 749.49, 754.67
26.0,81.5,10,7.01, 7.02, 483.0899963378906, 483.2
31.5,78.5,50,8.24, 8.25, 721.36, 721.52
19.0,76.0,50,8.54, 8.58, 797.4, 798.51
21.5,78.5,50,5.17, 6.21, 454.8, 474.17
30.5,77.0,200,9.43, 9.44, 1014.62, 1016.06
13.5,78.0,10,4.81, 6.43, 388.12, 402.41
23.0,78.0,150,7.51, 8.65, 720.95, 769.77
30.5,76.5,10,7.08, 7.09, 470.32, 470.51
14.5,77.0,50,7.34, 8.33, 838.69, 888.09
27.0,79.0,50,7.74, 7.89, 654.23, 656.46
22.5,74.0,150,9.26, 9.3, 972.41, 973.66
33.0,77.5,50,8.39, 8.41, 715.59, 715.74
16.5,75.5,10,7.35, 7.38, 562.12, 563.61
24.5,79.0,50,6.62, 7.16, 512.43, 514.29
23.5,74.5,10,7.17, 7.21, 501.35, 501.6
13.5,78.0,150,8.5, 8.93, 873.07, 903.15
26.0,72.5,100,9.08, 9.08, 879.79, 879.98
20.5,79.5,10,2.91, 6.82, 360.97, 933.22
18.5,80.5,200,8.09, 8.28, 748.68, 755.15
12.0,78.5,50,6.27, 6.87, 592.31, 646.72
10.5,78.5,150,8.44, 8.84, 941.1, 990.25
27.5,77.5,10,7.1, 7.12, 478.3, 478.54
14.5,78.0,200,6.27, 10.43, 1075.31, 1718.64
26.0,78.5,100,8.64, 8.71, 798.16, 801.03
26.5,80.0,10,6.79, 7.33, 604.01, 631.53
22.0,79.5,200,10.86, 11.89, 1816.61, 1859.4
25.0,73.5,150,9.28, 9.28, 956.72998046875, 956.8
19.5,74.0,150,9.43, 9.5, 1030.33, 1033.67
16.0,76.0,50,8.81, 8.9, 905.93, 910.32
20.0,74.5,10,7.26, 7.29, 520.8, 521.77
27.5,77.5,200,9.4, 9.43, 1036.24, 1036.95
26.0,75.5,150,9.53, 9.56, 988.63, 990
11.5,77.5,10,6.52, 6.62, 423.65, 424.06
23.5,72.0,10,7.04, 7.07, 497.89, 498.7
16.5,78.5,10,2.15, 10.82, 965.49, 4382.67
15.5,77.5,150,6.38, 11.02, 884.41, 2038.62
27.5,80.5,10,6.66, 6.72, 442.61, 444.91
12.5,76.0,100,9.05, 9.09, 973.62, 974.7
18.5,75.5,10,7.33, 7.34, 536.6, 537.51
19.5,76.0,150,9.47, 9.53, 1035.22, 1035.97
27.5,79.5,100,7.84, 8.1, 668.03, 678.77
19.0,80.0,200,6.49, 8.77, 1084.54, 1177.27
19.0,78.5,100,5.44, 5.93, 459.41, 510.78
27.5,78.0,50,8.27, 8.3, 721.95, 722.73
25.0,72.0,100,9.07, 9.1, 877.23, 877.85
28.0,77.0,150,9.41, 9.43, 982.28, 983.25
34.5,77.5,10,7.16, 7.17, 468.93, 469.54
29.5,76.5,200,9.43, 9.44, 1012.69, 1013.92
26.0,76.0,150,9.54, 9.56, 999.74, 1000
18.0,74.5,150,9.58, 9.61, 1065.42, 1067.41
15.0,75.5,50,8.64, 8.66, 866.94, 867.71
18.0,78.5,10,4.99, 12, 854.57, 3712.34
18.5,78.5,150,5.62, 9.79, 1105.7, 1520.39
22.5,79.5,100,8.79, 10.19, 1339.76, 1415.76
21.5,76.5,50,8.47, 8.48, 755.2, 755.62
25.0,78.5,200,8.8, 8.89, 918.54, 919.49
20.0,80.0,50,7.18, 8.6, 819.07, 899.71
12.0,78.5,150,7.79, 8.34, 856.21, 980.63
18.5,73.0,50,8.41, 8.42, 795.58, 795.94
20.5,74.0,10,7.11, 7.15, 512.61, 513.13
26.0,77.0,150,9.52, 9.54, 1005.63, 1006.04
25.5,77.5,10,7.02, 7.13, 478.71, 478.92
24.5,74.5,100,9.13, 9.18, 887.3, 887.6
18.5,77.5,100,7.24, 7.57, 610.58, 629.24
22.0,72.0,100,8.92, 8.96, 884.29, 886.61
21.0,72.5,10,7.04, 7.06, 511.38, 512.05
10.5,77.5,10,6.58, 6.61, 437.06, 437.69
21.0,72.5,100,8.97, 9, 896.96, 897.3
21.0,79.5,150,6.64, 9.45, 982.77, 1089.36
21.5,78.5,150,6.89, 8.35, 840.14, 872.28
24.5,80.0,100,9.49, 9.92, 1129.44, 1195.96
20.5,79.0,10,3.04, 7.32, 528.91, 892.37
19.0,75.5,10,7.33, 7.35, 533.89, 534.14
19.0,77.0,10,6.48, 6.61, 430.23, 432.83
20.0,72.5,150,9.19, 9.21, 976.1900024414062, 976.52
17.0,76.5,200,9.97, 10.37, 1314.27, 1340.67
28.0,77.5,10,7.09, 7.11, 478.72, 479.04
16.0,78.5,100,3.46, 7.65, 603.25, 838.25
20.5,81.0,200,8.3, 8.52, 805.16, 814.18
21.5,76.5,200,9.47, 9.52, 1081.43, 1082.59
32.5,77.0,50,8.37, 8.38, 711.92, 712.04
12.0,76.0,200,9.23, 9.27, 1061.34, 1063.39
23.5,79.5,50,8.36, 9.24, 1115.12, 1172.81
31.5,77.5,150,9.32, 9.34, 952.34, 952.75
26.5,77.0,100,9.28, 9.3, 887.02, 887.27
19.5,73.5,150,9.27, 9.31, 996.77, 998.23
21.0,75.5,50,8.61, 8.63, 786.04, 786.84
18.0,75.0,150,9.63, 9.66, 1086.77, 1086.99
27.0,75.5,100,9.22, 9.23, 866.08, 866.62
26.5,79.5,200,7.83, 7.99, 740.04, 757.95
25.0,75.0,150,9.5, 9.53, 1002.28, 1004.59
21.5,78.0,200,9.79, 12.51, 1966.24, 2306.83
22.5,79.5,50,7.6, 8.9, 1037.82, 1116.25
25.0,81.5,200,9.12, 9.12, 957.2000122070312, 957.76
21.5,76.5,100,9.19, 9.21, 892.28, 892.93
31.5,76.5,200,9.39, 9.4, 982.11, 982.97
13.0,77.5,100,8.01, 8.8, 772.68, 813.52
11.5,76.5,150,8.93, 8.99, 948.93, 951.08
19.5,76.0,10,7.23, 7.27, 519.23, 519.9
28.5,78.0,100,9.05, 9.07, 859.05, 859.34
18.5,78.0,10,2.75, 7.17, 360.69, 943.28
27.5,81.5,200,9.13, 9.13, 981.04, 981.31
14.0,75.0,150,9.43, 9.46, 1068.75, 1069.97
19.0,80.0,100,4.81, 7.48, 730.55, 839.96
27.0,77.5,100,9.11, 9.14, 859.65, 860
18.0,80.0,100,6.97, 8.15, 642.56, 692.03
29.0,76.0,10,7.11, 7.11, 469.56, 469.95
25.0,74.5,50,8.4, 8.44, 752.83, 753.16
16.0,76.0,10,7.5, 7.58, 600.69, 603.66
31.5,78.5,150,9.19, 9.2, 953.9, 954.79
19.0,79.5,200,7.07, 7.33, 588.25, 592.91
11.0,76.5,200,9.01, 9.08, 977.22, 978.72
27.5,75.0,150,9.39, 9.41, 957.79, 958.2
20.0,73.0,10,7.05, 7.06, 515.69, 516.13
16.0,78.5,150,4.23, 8.49, 799.21, 981.71
21.5,77.5,200,8.34, 11.68, 1609.95, 1872.62
26.5,77.0,10,7.23, 7.24, 491.22, 491.72
18.0,73.0,10,7.16, 7.18, 533.56, 534.02
21.0,72.0,100,8.94, 8.98, 893.84, 895.23
26.0,77.0,100,9.3, 9.32, 888.54, 889.38
15.0,77.5,50,4.88, 17.18, 2375.04, 8313.19
19.5,78.5,200,6.88, 7.94, 936.63, 1044.03
16.5,78.0,10,2.22, 12.59, 1121.42, 4345.57
21.0,77.5,200,8.11, 11.02, 1580.9, 1894.96
16.5,77.5,150,6.89, 12.49, 1354.02, 2652.86
20.0,78.0,200,7.53, 7.68, 668.36, 671.32
27.0,77.0,100,9.26, 9.29, 883.45, 883.78
21.0,81.5,10,6.89, 6.89, 454.12, 454.76
25.0,75.5,50,8.61, 8.63, 753.94, 754.82
18.0,79.5,10,1.98, 5.19, 311.03, 709.52
34.5,78.5,10,7, 7.03, 478.14, 478.53
32.0,77.0,50,8.38, 8.39, 712.41, 712.66
27.0,78.0,150,9.15, 9.19, 942.39, 943.91
24.0,77.0,150,9.47, 9.52, 1002.11, 1006.67
19.0,77.5,100,7.71, 7.78, 636.87, 638.87
23.0,74.5,50,8.48, 8.52, 759.36, 759.8
32.0,76.5,200,9.39, 9.4, 979.72, 981.22
21.0,76.5,200,9.43, 9.47, 1072.99, 1073.4
23.5,78.0,50,6.26, 6.86, 452.67, 458.17
27.5,80.5,100,8.58, 8.65, 785.22, 788.77
22.5,72.0,100,8.93, 8.98, 880.83, 882.42
20.0,80.0,150,9.34, 10.87, 1397.47, 1491.47
10.5,78.0,50,7.68, 7.81, 640.83, 642.15
13.0,75.5,10,7.25, 7.27, 570.75, 571.41
21.5,80.5,10,5.53, 5.76, 311.78, 316.25
16.0,77.5,10,2.46, 7.83, 291.43, 2503.34
23.5,79.0,200,7.97, 8.17, 749.94, 754.59
25.0,79.5,10,5.36, 6.17, 446.97, 499.15
15.0,75.5,150,9.48, 9.51, 1080.67, 1081.38
19.5,72.0,200,9.29, 9.32, 1022.29, 1023
22.5,73.5,100,9.07, 9.1, 898.49, 898.72
32.5,78.0,50,8.33, 8.34, 721.93, 722.18
23.5,77.0,150,9.24, 9.41, 979.02, 982.34
17.5,76.5,50,8.16, 8.53, 790.41, 797.81
19.0,78.0,100,7.02, 8.24, 703.5, 766.63
14.5,75.0,200,9.54, 9.59, 1112.57, 1114.47
16.5,76.0,150,9.69, 9.78, 1138.82, 1145.8
24.5,74.0,200,9.39, 9.41, 1010.57, 1011.45
19.5,75.0,200,9.81, 9.82, 1169.2, 1169.73
15.0,76.5,150,9.49, 9.71, 1154.2, 1156.41
23.5,75.0,50,8.65, 8.67, 774.73, 775.76
17.5,76.5,200,9.28, 9.64, 1089.14, 1102.21
12.0,75.0,200,9.49, 9.5, 1114.949951171875, 1115.17
24.5,77.5,10,6.59, 6.87, 423.93, 430.17
17.5,77.0,200,8.22, 8.75, 913.76, 927.76
23.0,76.0,50,8.65, 8.67, 762.59, 763.35
15.0,77.5,150,7.42, 17.24, 2701.04, 6719.34
14.5,77.0,150,8.68, 9.41, 1156.81, 1245.52
20.5,75.0,100,9.4, 9.41, 942, 942.4
18.5,74.0,50,8.53, 8.57, 803.69, 804.08
13.5,78.5,100,7.26, 12.36, 1430.01, 2513.83
27.0,81.5,200,9.13, 9.14, 977.03, 977.12
27.5,78.5,10,6.84, 6.9, 467.35, 467.58
27.0,72.5,100,9.08, 9.09, 875.74, 876.22
31.5,77.0,50,8.38, 8.4, 714.14, 714.37
23.5,80.5,10,5.64, 5.85, 316.46, 322.41
28.0,78.5,50,8.15, 8.19, 709.68, 710.02
31.5,77.0,150,9.33, 9.34, 942.05, 943.06
18.5,73.0,150,9.29, 9.31, 995.02, 995.54
14.5,78.0,50,4.3, 8.85, 608.25, 1497.12
13.0,77.5,50,7.35, 8.1, 652.64, 686.95
16.5,76.0,50,8.8, 8.86, 901.52, 907.67
22.0,80.5,50,6.87, 7.01, 492.43, 497.23
12.5,77.5,50,7.52, 7.99, 639.09, 657.94
22.0,73.5,100,9.07, 9.09, 898.94, 899.31
14.5,78.5,150,4.51, 5.08, 294.36, 319.23
13.5,77.0,200,8.51, 8.8, 955.51, 962.35
22.5,75.0,100,9.44, 9.46, 929.44, 930.79
25.0,76.5,10,4.37, 10.72, 869.26, 1851.58
32.0,78.0,150,9.25, 9.26, 960.11, 960.5
11.5,78.5,100,7.07, 7.44, 590.34, 612.8
23.5,76.5,50,8.57, 8.59, 753.34, 753.89
25.5,78.0,10,6.78, 6.81, 442.1, 444.15
23.5,75.0,200,9.74, 9.77, 1110.5, 1112.92
19.0,81.0,100,8.3, 8.47, 734.73, 742.38
19.5,81.5,200,9.05, 9.06, 925.27001953125, 925.28
11.5,76.0,10,7.04, 7.1, 539.0499877929688, 540.18
28.0,77.5,100,9.12, 9.15, 861.11, 861.46
18.5,81.0,50,7.69, 7.82, 635.37, 640.89
24.5,81.5,100,8.98, 8.99, 846.3400268554688, 846.82
27.5,81.0,10,6.82, 6.86, 470.26, 471.87
22.0,73.5,200,9.34, 9.37, 1016.29, 1016.65
21.5,75.5,150,9.66, 9.68, 1067.42, 1067.81
19.0,80.5,150,7.67, 7.89, 648.82, 656.17
16.0,75.5,100,9.35, 9.37, 1002.72, 1004.14
27.0,75.0,150,9.39, 9.42, 961.75, 962.38
21.5,76.5,150,9.42, 9.46, 1005.68, 1006.82
20.0,74.5,100,9.28, 9.32, 928.49, 930.14
16.0,78.0,200,6.61, 11.96, 1253.17, 2418.38
21.5,79.0,50,6.07, 6.33, 410.38, 411.59
27.0,72.0,100,9.17, 9.19, 880.13, 880.94
25.0,76.0,10,7.29, 7.31, 493.5, 494.05
27.0,78.5,100,8.82, 8.88, 828.86, 829.4
17.5,75.5,150,9.57, 9.59, 1068.37, 1068.96
21.0,73.5,150,9.21, 9.23, 972.18, 972.65
23.0,81.5,10,6.94, 6.95, 466.3599853515625, 466.5
25.0,73.5,100,9.09, 9.11, 890.0800170898438, 890.12
11.0,77.0,100,8.43, 8.51, 795.54, 795.83
19.5,79.0,10,3.69, 5.36, 356.07, 484.16
23.0,79.0,50,6.56, 7.04, 485.62, 486.55
35.0,78.5,100,9, 9.06, 858.39, 858.95
24.5,78.0,50,7.37, 7.56, 559.25, 569.5
10.0,78.0,200,8.58, 8.69, 849.23, 850.46
21.5,79.5,200,10.13, 11.5, 1615.8, 1762.59
18.0,77.0,150,8.1, 8.39, 768.25, 778.28
20.5,76.0,100,9.22, 9.26, 912.76, 913.09
21.5,79.5,50,6.68, 8.52, 745.1, 874.03
22.0,74.5,100,9.24, 9.3, 902.31, 903.45
19.0,75.0,200,9.8, 9.83, 1172.12, 1173.1
25.5,76.0,150,9.58, 9.61, 1011.99, 1012.5
30.5,77.5,150,9.32, 9.35, 959.47, 959.86
32.5,78.5,150,9.21, 9.22, 952.43, 953.04
21.0,72.5,200,9.26, 9.28, 1007.79, 1008.55
24.5,74.5,50,8.41, 8.44, 754.71, 755.3
25.5,80.0,200,11.17, 12.04, 1866.01, 1877.33
23.0,80.0,10,3.81, 7.34, 341.46, 1003.13
18.0,79.0,10,3.19, 7.95, 761.95, 1444.13
28.5,76.0,100,9.13, 9.15, 845.68, 846.13
28.5,77.5,150,9.35, 9.37, 968.55, 969.05
23.0,77.5,50,6.22, 7.64, 645.3, 697.79
35.0,78.0,150,9.34, 9.36, 959.56, 959.88
34.5,77.5,50,8.46, 8.48, 714.89, 715.57
19.0,77.0,100,8.34, 8.5, 757.4, 761.61
21.5,77.0,200,9.04, 9.3, 1006.12, 1009.76
18.5,79.0,10,1.83, 4.67, 464.9, 887.67
23.5,80.0,10,3.44, 6.32, 521.24, 584.51
31.0,78.0,150,9.22, 9.24, 961.91, 962.13
20.5,79.5,100,4.9, 7.84, 642.12, 823.76
26.5,75.5,10,7.2, 7.22, 484.68, 485.37
22.0,74.0,100,9.06, 9.12, 894.99, 895.38
11.0,78.0,50,7.63, 7.81, 629.06, 631.5
18.0,72.5,150,9.33, 9.34, 995.9600219726562, 996.29
11.5,76.0,100,8.96, 9.03, 945.7899780273438, 948.07
23.5,74.0,200,9.39, 9.44, 1015.7, 1016.53
24.5,75.5,10,7.32, 7.35, 499.57, 499.93
17.0,78.5,200,6.3, 11.79, 2133.11, 3523.73
32.0,77.5,100,9.11, 9.12, 848.21, 848.46
18.0,73.5,100,9.13, 9.15, 936.54, 936.88
21.5,80.5,100,7.21, 7.47, 543.5, 550.24
20.0,78.0,50,6.66, 6.77, 461.4, 464.27
21.5,74.5,200,9.59, 9.63, 1088.79, 1092.02
22.5,79.0,50,6.49, 7.02, 476.84, 479.75
19.0,79.0,100,3.46, 5.36, 368.93, 411.79
22.5,78.5,50,6.9, 7.47, 586.6, 601.46
17.0,76.5,100,9.38, 9.84, 1079.51, 1100.27
17.0,77.5,10,4.7, 11.81, 852.86, 2898.24
32.0,78.5,50,8.26, 8.26, 720.69, 720.9
18.5,79.5,200,6.93, 9.46, 1070.07, 1336.43
26.5,78.0,150,9.1, 9.13, 927.91, 929.4
21.0,80.0,10,5.66, 6.4, 437.83, 454.26
20.0,75.0,50,8.66, 8.68, 805.89, 806.27
29.5,78.5,50,8.21, 8.22, 716.54, 717.19
25.0,72.0,50,8.36, 8.39, 746.82, 748.01
19.0,78.5,200,7.43, 8, 995.89, 1031.78
27.5,75.5,10,7.17, 7.18, 480.12, 480.41
27.5,79.0,100,8.58, 8.68, 791.1, 794.36
27.5,77.0,50,8.49, 8.52, 739.7, 740.14
32.0,76.0,50,8.36, 8.38, 707.0800170898438, 707.36
28.0,76.0,200,9.51, 9.53, 1012.07, 1014.25
23.0,74.5,150,9.44, 9.52, 1002.4, 1005.05
17.0,77.5,200,10.56, 14.65, 2190.4, 3362.64
34.0,78.0,200,9.37, 9.37, 1021.93, 1022.19
21.0,81.0,150,8.3, 8.49, 772.37, 780.18
20.0,74.5,200,9.64, 9.7, 1123.2, 1126.72
32.0,78.0,10,7.04, 7.06, 477.79, 477.96
25.5,74.0,150,9.28, 9.32, 961.12, 961.29
23.5,81.0,50,7.75, 7.88, 651.33, 656.62
17.5,76.5,10,6.91, 7.24, 522.99, 527.54
19.0,73.0,200,9.35, 9.38, 1030.6, 1031.17
12.5,78.5,50,4.66, 11.05, 918.02, 2630.13
29.0,78.5,50,8.2, 8.22, 716.14, 716.33
19.0,76.0,10,7.25, 7.28, 528.02, 528.88
21.0,73.0,150,9.12, 9.14, 963.06, 963.33
25.5,80.0,100,9.56, 10.26, 1138.73, 1158.58
23.0,72.5,200,9.32, 9.34, 999.83, 1001.06
15.0,77.5,100,6.32, 17.1, 2408.34, 7009.17
20.0,79.5,100,6.23, 8.19, 674.97, 722.05
30.0,76.5,200,9.42, 9.44, 1000.59, 1002.38
20.5,80.5,150,6.89, 7.44, 569.21, 591.73
19.5,72.5,10,7.13, 7.14, 523.3800048828125, 523.59
10.5,78.5,100,8.19, 8.57, 829.07, 873.56
21.5,79.0,100,6.63, 6.92, 479.37, 481.65
15.5,75.0,150,9.49, 9.52, 1068.3, 1069.71
30.0,77.5,150,9.33, 9.36, 961.46, 961.64
24.0,76.5,10,7.27, 7.29, 491.56, 491.84
25.5,79.0,200,8.14, 8.4, 817.97, 820.56
21.0,81.0,10,6.36, 6.52, 404.36, 408.11
17.0,78.0,200,7.67, 12.94, 2055.36, 2837.74
25.5,72.5,50,8.38, 8.39, 750.02, 750.85
31.5,77.5,10,7.08, 7.09, 472.08, 472.51
25.5,77.0,10,7.25, 7.25, 495.74, 496.07
15.5,78.0,50,5, 11.99, 1654.58, 3060.95
23.0,77.0,50,7.95, 8.21, 695.55, 699.3
16.0,75.0,100,9.32, 9.35, 995.08, 995.98
21.5,74.0,200,9.37, 9.41, 1033.52, 1035.7
20.0,79.5,50,5.37, 7.13, 509.45, 612.36
26.0,79.0,10,6.13, 6.41, 397.58, 403.35
11.0,77.0,200,8.62, 8.72, 884.01, 884.43
23.0,78.5,10,6.32, 6.49, 414.87, 416.79
18.0,78.0,100,5.4, 10.57, 887.86, 1484.25
23.5,79.0,50,6.6, 7.06, 488.98, 491.35
21.0,74.5,150,9.5, 9.52, 1030.2, 1032.61
24.0,75.0,10,7.31, 7.33, 506.42, 506.96
21.5,80.0,50,5.61, 8.26, 847.08, 901.56
10.5,77.0,10,6.62, 6.69, 454.46, 454.93
24.5,77.0,200,9.63, 9.65, 1090.77, 1092.1
18.5,81.5,100,8.88, 8.89, 826.7899780273438, 826.79
23.5,72.5,200,9.35, 9.37, 996.99, 997.72
25.5,72.5,150,9.25, 9.28, 946.03, 946.52
34.5,78.0,10,7.1, 7.12, 475.85, 476.35
20.0,73.0,200,9.25, 9.27, 1013.4, 1013.88
16.0,78.5,200,4.84, 9.04, 995.3, 1173.1
30.5,76.5,100,9.09, 9.11, 844.74, 845.16
26.5,81.0,10,6.72, 6.8, 460.66, 462.57
21.5,78.0,150,8.92, 11.82, 1628.31, 2013.38
26.0,77.5,10,7.05, 7.12, 478.6, 478.85
17.0,75.0,200,9.67, 9.69, 1134.74, 1135.74
19.5,81.0,200,8.44, 8.64, 830.33, 838.26
22.0,75.0,200,9.78, 9.81, 1141.36, 1143.25
21.0,77.0,100,8.64, 8.91, 798.41, 799.07
15.0,78.0,10,2.03, 9.32, 699.15, 1797.1
24.5,79.5,10,6.28, 6.69, 507.99, 520.23
33.0,77.0,10,7.1, 7.11, 467.39, 467.57
26.5,79.0,200,8.49, 8.72, 886.03, 892.49
25.0,74.5,10,7.13, 7.16, 498.91, 499.14
22.0,80.0,100,5.66, 8.31, 753.5, 859.53
18.0,77.0,10,5.96, 6.25, 379.59, 386.71
34.0,77.5,10,7.14, 7.15, 469.16, 469.84
18.5,78.0,100,6.44, 9.03, 882.38, 1189.79
20.0,80.5,10,3.37, 9.07, 437.63, 1545.93
21.0,77.5,150,7.46, 10.52, 1352.29, 1755.85
24.0,78.0,200,8.68, 8.8, 851.78, 857.2
19.0,80.0,150,5.7, 8.29, 943.62, 1049.66
35.5,77.5,200,9.47, 9.49, 1020.7999877929688, 1021.14
19.0,81.5,150,9.01, 9.02, 889.0900268554688, 889.2
15.0,78.5,10,3.48, 4.06, 196.89, 209
14.5,78.0,150,5.86, 9.95, 894.48, 1511.03
20.5,80.0,50,7.81, 8.28, 708.35, 783.5
21.5,72.0,200,9.15, 9.19, 995.63, 996.82
25.0,72.0,150,9.22, 9.26, 941.57, 942.47
29.0,77.0,200,9.42, 9.45, 1032.33, 1033.11
19.0,77.5,200,7.97, 8.02, 763.32, 766.6
27.0,75.5,200,9.56, 9.59, 1025.66, 1026.76
17.5,76.0,200,9.72, 9.75, 1133.3, 1135.35
21.0,75.0,150,9.69, 9.7, 1076.13, 1077.33
18.5,75.5,200,9.73, 9.75, 1144.47, 1145.48
27.0,80.5,50,7.7, 7.84, 642.74, 647.95
16.5,75.0,50,8.61, 8.63, 845.36, 846.04
18.0,80.5,50,7.12, 7.41, 536.05, 545.76
25.5,81.0,200,8.74, 8.84, 900.37, 905.8
21.5,77.0,50,7.89, 8.18, 666.65, 668.85
27.0,79.5,10,5.58, 5.94, 333.16, 341.04
11.5,78.5,50,6.22, 6.77, 501.87, 521.31
19.0,76.5,100,8.87, 9, 872.41, 873.04
13.0,76.0,150,9.26, 9.29, 1049.75, 1051.15
22.0,80.5,150,7.82, 7.91, 669.62, 673.07
16.0,75.5,200,9.65, 9.66, 1130.5, 1131.36
21.0,79.0,10,3.96, 5.11, 266.49, 303.92
18.5,79.5,10,2.58, 6.42, 418.81, 738.86
21.5,79.0,150,6.95, 7.28, 576.54, 581.05
19.0,74.0,200,9.53, 9.61, 1092.39, 1096.12
11.5,77.5,100,8.37, 8.5, 747.24, 749.43
17.0,76.5,10,7.14, 7.69, 597.12, 610.73
22.5,77.5,50,6.17, 6.5, 539.51, 602.89
26.0,78.0,200,9.14, 9.17, 969.74, 971.24
30.0,78.0,50,8.3, 8.31, 726.13, 726.31
29.5,77.0,50,8.38, 8.39, 721.43, 722.2
22.5,78.5,150,7.94, 8.34, 783.11, 796.48
33.0,78.5,200,9.27, 9.29, 1019.18, 1019.94
17.0,76.0,10,7.44, 7.5, 582.67, 585.74
35.0,77.5,200,9.47, 9.5, 1020.48, 1021.25
14.0,75.0,50,8.58, 8.6, 857.47, 858.61
10.5,76.5,200,9, 9.05, 968.89, 970.43
24.0,72.5,150,9.29, 9.31, 955.8, 956.51
24.0,77.0,50,8.36, 8.54, 741.85, 747.85
20.5,77.0,50,7.92, 8.13, 672.33, 673.12
12.5,75.5,50,8.47, 8.49, 849.47, 850.44
28.5,77.0,50,8.42, 8.43, 729.78, 730.2
23.5,73.5,50,8.4, 8.4, 765.5, 765.79
21.5,80.0,100,6.66, 9.54, 1081.84, 1146.74
11.5,76.0,200,9.2, 9.25, 1049.6400146484375, 1051.81
15.0,76.0,50,8.74, 8.79, 902.6, 905.41
15.0,78.5,100,4.86, 5.48, 328.05, 347.11
21.5,73.5,50,8.33, 8.36, 767.45, 767.86
17.5,75.0,100,9.34, 9.35, 977.89, 978.12
13.5,76.0,200,9.44, 9.48, 1113.16, 1114.64
20.0,76.5,50,8.29, 8.35, 746.68, 747.44
23.5,75.0,150,9.65, 9.66, 1041.37, 1043.41
28.0,75.0,150,9.38, 9.4, 954.85, 955.19
20.5,73.5,200,9.28, 9.3, 1020.52, 1020.98
25.0,77.0,10,7.26, 7.27, 497.64, 497.92
22.5,81.5,50,8.2, 8.2, 703.0499877929688, 703.1
23.5,77.5,10,5.18, 9.42, 608.76, 1317.29
11.0,76.0,50,8.25, 8.3, 795.5700073242188, 798.27
28.0,76.0,100,9.18, 9.18, 849.47, 849.84
22.0,79.5,50,7.68, 8.7, 869.59, 908.92
29.5,75.0,50,8.48, 8.48, 747.1199951171875, 747.24
25.5,77.5,100,9.04, 9.16, 862.45, 862.81
20.0,77.0,50,7.86, 8.03, 665.34, 667.12
26.0,78.0,100,8.82, 8.88, 810.23, 811.39
22.0,77.5,150,7.83, 11.79, 1521.13, 2086.13
26.0,72.0,50,8.41, 8.42, 745.56, 746.52
23.0,80.0,100,6.7, 8.92, 724.94, 1143.89
28.0,75.5,150,9.38, 9.4, 943.89, 944.88
21.0,81.5,100,8.86, 8.87, 812.56, 812.76
16.5,75.5,200,9.66, 9.68, 1128.79, 1129.56
28.0,77.5,200,9.39, 9.43, 1036.34, 1036.6
24.0,74.5,50,8.43, 8.5, 755.22, 755.6
20.0,72.0,100,9, 9.05, 908.89, 909.4
18.0,78.0,150,6.52, 11.45, 1213.96, 1771.2
19.0,72.5,100,9.13, 9.14, 923.4299926757812, 923.72
14.0,76.0,150,9.45, 9.5, 1090.8, 1092.93
35.5,78.5,200,9.34, 9.4, 1028.22, 1029.04
21.5,81.0,10,6.42, 6.56, 412.48, 415.89
22.0,76.0,200,9.7, 9.71, 1119.26, 1119.86
14.0,76.5,50,8.32, 8.44, 831.09, 835.09
14.0,78.0,50,3.91, 8.66, 434.65, 1264.06
12.5,76.5,150,9, 9.08, 978.38, 981.17
20.5,74.0,100,9.08, 9.13, 903.84, 905.17
26.5,81.5,10,7.02, 7.02, 484.67, 485.02
18.5,73.5,10,7.16, 7.17, 531.5, 531.9
16.5,77.0,200,9.73, 13.4, 1711.47, 2738.04
30.0,76.0,200,9.4, 9.41, 973.56, 974.88
27.0,72.0,200,9.39, 9.42, 979.37, 979.95
12.5,77.5,10,6.36, 6.77, 423.06, 434.95
16.0,76.5,200,10.14, 10.65, 1481.44, 1595.42
30.5,77.0,150,9.33, 9.36, 949.01, 949.59
18.5,81.0,10,6.5, 6.61, 422.6, 425.94
19.0,76.0,100,9.25, 9.3, 937.89, 939.37
26.5,76.5,10,7.22, 7.23, 484, 484.17
19.0,74.5,200,9.79, 10.39, 1215.89, 1318.67
27.0,77.0,200,9.55, 9.58, 1071.07, 1071.47
28.5,77.0,150,9.37, 9.38, 975.29, 975.69
19.5,79.0,200,7.45, 9.41, 1244.26, 1344.73
16.0,77.5,100,5.43, 9.8, 679.75, 1995.2
18.5,77.0,200,8.6, 8.72, 882, 885.92
34.5,78.0,50,8.38, 8.41, 722.39, 723.12
20.0,80.0,10,5.45, 6.84, 481.89, 562.08
24.5,80.0,200,11.04, 11.64, 1827.25, 1855.79
18.0,75.5,200,9.69, 9.72, 1141.43, 1142.1
25.5,77.0,50,8.56, 8.57, 753.81, 754.42
27.5,75.0,200,9.49, 9.5, 1008.17, 1008.68
12.0,75.5,150,9.26, 9.29, 1050.06, 1051.05
18.5,76.5,200,9.18, 9.31, 1030.26, 1031.81
23.5,81.0,150,8.54, 8.71, 828.35, 834.69
16.0,77.0,10,2.67, 16.47, 595.97, 8860.06
34.0,78.5,50,8.27, 8.28, 722.4, 722.71
26.0,78.5,200,8.95, 9.02, 948.34, 950.95
22.0,76.0,100,9.35, 9.37, 910.46, 910.83
21.5,77.5,10,2.99, 7.7, 538.66, 927.28
23.5,74.5,200,9.51, 9.58, 1052.35, 1055.76
20.5,77.5,150,7.53, 7.96, 697.17, 710.5
24.5,76.0,50,8.64, 8.65, 755.28, 755.65
24.5,78.5,10,6.6, 6.67, 436.9, 437.2
15.0,75.0,100,9.3, 9.33, 1002.06, 1002.99
28.0,77.0,200,9.47, 9.49, 1052.14, 1052.67
21.5,81.5,100,8.88, 8.88, 818.31, 819.07
22.0,73.0,200,9.26, 9.27, 1009.96, 1010.54
11.5,78.5,150,7.55, 7.8, 709.04, 741.73
23.0,80.5,100,7.5, 7.63, 583.15, 593.01
22.5,81.5,10,6.94, 6.94, 464.54998779296875, 464.77
24.0,80.0,100,8.59, 9.57, 1039.32, 1073.35
31.0,77.5,100,9.11, 9.12, 852.31, 852.56
18.5,78.5,200,6.56, 10.65, 1420.03, 1837.13
29.0,76.5,50,8.41, 8.43, 723.4, 723.74
31.0,77.0,10,7.07, 7.09, 472.47, 472.79
30.0,75.5,50,8.42, 8.43, 724.280029296875, 724.48
26.5,80.5,200,8.55, 8.65, 851.18, 855.24
14.0,75.5,10,7.29, 7.31, 577.04, 577.3
23.5,76.0,150,9.65, 9.68, 1036.22, 1037.09
22.0,80.0,50,4.73, 7.19, 602.46, 697.16
28.5,78.0,200,9.31, 9.33, 1027.7, 1028.38
29.0,75.0,50,8.47, 8.49, 749.85, 750.31
15.0,77.0,10,6.23, 7.65, 823.22, 872.49
14.0,78.0,150,5.89, 9.68, 705.69, 1288.63
24.5,74.5,150,9.35, 9.41, 974.81, 975.62
19.5,80.0,150,6.67, 9.58, 1167.5, 1367.85
17.0,77.5,100,8.22, 13.06, 1377.37, 2510.26
25.0,76.0,100,9.35, 9.37, 893.4, 894.18
13.0,75.5,100,9.19, 9.22, 999.79, 1001.02
27.5,80.5,150,8.78, 8.8, 871.53, 873.81
21.5,73.0,50,8.26, 8.28, 766.79, 767.56
19.0,81.0,150,8.47, 8.63, 799.95, 806.87
25.0,79.0,200,8.09, 8.29, 792.82, 796.75
28.5,75.5,200,9.45, 9.46, 988.36, 989.35
23.0,75.5,10,7.38, 7.4, 509.93, 510.57
19.5,76.0,100,9.23, 9.29, 925.57, 927.21
29.0,77.5,50,8.39, 8.4, 724.53, 725.01
24.0,80.0,200,10.39, 11.56, 1748.53, 1758.56
19.5,76.5,200,9.26, 9.36, 1035.71, 1037.03
13.0,78.5,100,3.3, 7.43, 481.54, 1118.16
18.5,72.0,50,8.4, 8.42, 793.4400024414062, 793.86
29.0,78.0,50,8.31, 8.33, 726.52, 726.79
22.0,75.5,150,9.7, 9.73, 1067.16, 1067.58
23.5,79.0,150,7.71, 8.01, 677.14, 680.87
20.5,72.5,50,8.29, 8.34, 770.8699951171875, 771.39
23.0,79.5,150,10.37, 11.54, 1859.17, 1917.14
15.5,76.5,150,9.84, 10, 1254.36, 1270.39
27.5,72.0,10,7.16, 7.19, 494.7, 495.08
26.5,75.0,10,7.17, 7.19, 494.59, 494.84
21.0,73.0,50,8.24, 8.26, 766.01, 766.26
19.5,73.0,100,9.07, 9.08, 917.12, 917.76
34.5,78.5,100,8.98, 9.02, 854.89, 855.33
18.5,79.5,100,5.19, 8.17, 695.08, 936.13
18.0,80.5,150,8.09, 8.32, 715.95, 724.67
17.0,76.0,100,9.45, 9.52, 1030.16, 1035.69
24.0,79.0,200,7.96, 8.22, 765.53, 768.3
22.5,78.0,150,8.16, 10.96, 1123.66, 1477.83
22.0,75.0,50,8.71, 8.72, 787.44, 788.1
25.5,79.5,10,4.39, 5.12, 312.89, 369.25
18.0,75.0,100,9.35, 9.37, 972.65, 973.13
13.5,78.5,200,9, 12.82, 1949.06, 2734.19
18.5,72.5,50,8.44, 8.47, 792.27001953125, 792.56
12.5,76.5,50,8.2, 8.25, 785.99, 788.56
17.0,75.5,50,8.63, 8.65, 836.45, 837.6
24.5,78.0,10,6.19, 6.37, 370.97, 377.9
31.0,76.5,50,8.37, 8.39, 712.02, 712.23
20.5,78.0,50,6.05, 6.53, 417.21, 430.18
21.5,76.0,150,9.57, 9.6, 1038.56, 1039.06
30.0,78.5,150,9.13, 9.15, 949.24, 949.57
23.5,73.0,50,8.35, 8.36, 767.6400146484375, 767.79
19.0,74.5,100,9.05, 9.49, 956.26, 975.55
23.0,77.0,150,9.09, 9.27, 958.73, 962.92
23.0,80.0,50,5.48, 8.19, 577.07, 1092.71
10.0,77.5,150,8.58, 8.61, 820.52, 821.28
16.5,76.5,10,3.58, 8.01, 739.21, 832.78
26.0,75.0,10,7.17, 7.2, 494.79, 495.45
24.5,77.5,100,8.62, 8.89, 771.11, 782.94
19.5,73.5,200,9.35, 9.4, 1041.04, 1042.68
30.5,78.0,150,9.21, 9.23, 962.24, 962.55
25.5,77.0,100,9.3, 9.31, 894, 894.59
17.0,78.5,50,3.53, 11.2, 1879.64, 4422.75
32.5,77.5,10,7.08, 7.09, 470.81, 470.96
21.5,80.5,200,7.61, 7.83, 697.45, 701.8
28.0,78.0,150,9.24, 9.26, 962.37, 963.44
27.5,76.5,200,9.52, 9.55, 1050.23, 1051.67
21.0,74.0,150,9.29, 9.33, 987.55, 989.96
19.5,72.5,100,9.08, 9.1, 918.989990234375, 919.33
23.0,77.5,150,8.54, 10.04, 1204.44, 1292
29.0,75.5,150,9.31, 9.35, 931.55, 931.99
24.5,75.0,10,7.27, 7.29, 502.61, 502.89
14.5,78.5,10,2.22, 3.33, 124.83, 150.42
27.5,75.0,10,7.17, 7.18, 494.09, 494.53
23.0,74.0,150,9.27, 9.3, 970.15, 970.94
24.5,75.0,50,8.58, 8.6, 762.6, 763.02
12.5,78.0,50,7.68, 7.92, 606.14, 610.1
22.0,72.5,50,8.32, 8.35, 764.21, 764.76
14.0,76.0,50,8.61, 8.64, 878.51, 879.43
24.5,79.0,10,5.57, 6.04, 341.51, 342.78
32.5,76.0,50,8.37, 8.39, 706.0499877929688, 706.46
16.0,77.0,100,6.38, 14.43, 1054.45, 4001.11
24.0,78.5,100,8.47, 8.54, 760.69, 762.15
19.5,72.0,10,7.12, 7.14, 524.02, 524.54
21.0,81.0,100,8.21, 8.4, 714.28, 721.83
19.5,79.0,100,5.91, 7.65, 727.53, 816.61
19.0,80.5,50,6.53, 6.89, 471.01, 479.99
26.5,78.5,100,8.68, 8.78, 813.44, 815.41
22.0,75.0,150,9.7, 9.72, 1066.95, 1068.21
14.5,75.0,50,8.59, 8.62, 857.31, 858.08
22.5,72.0,200,9.15, 9.22, 984.63, 986.76
10.0,76.5,100,8.76, 8.81, 868.19, 868.46
31.5,77.0,10,7.09, 7.1, 470.19, 470.47
18.5,73.0,10,7.15, 7.16, 530.48, 530.87
31.0,76.0,50,8.36, 8.39, 711.1500244140625, 711.76
18.0,80.5,200,8.31, 8.45, 779.49, 784.49
22.5,75.5,150,9.73, 9.74, 1064.05, 1064.8
25.5,74.5,200,9.39, 9.43, 1013.1, 1014.3
24.0,76.5,100,9.34, 9.37, 892.48, 893.34
30.5,76.5,150,9.32, 9.34, 932.65, 933.37
15.0,78.0,100,4.63, 10.45, 1008.22, 1689.94
19.0,75.5,150,9.63, 9.67, 1075.77, 1076.76
20.0,76.5,150,9.22, 9.28, 981.7, 983.41
23.5,78.0,150,7.77, 8.18, 695.6, 701.09
25.0,76.5,200,9.25, 12.19, 1640.8, 2054.76
24.5,78.0,200,8.82, 8.88, 873.95, 876.79
20.5,74.5,100,9.27, 9.3, 918.16, 919.4
27.0,76.5,200,9.55, 9.56, 1057.96, 1059.41
27.0,78.0,200,9.22, 9.25, 1004.46, 1005.74
16.5,78.0,200,7.8, 13.62, 2044.6, 3204.58
25.0,78.5,50,7.9, 7.93, 664.13, 665.35
20.5,74.5,10,7.26, 7.28, 515.27, 515.79
13.5,77.0,50,7.45, 7.85, 694, 696.89
23.5,77.0,10,6.83, 7.07, 469.38, 470.23
21.0,78.5,200,7.08, 10.21, 1067.92, 1407.82
19.0,73.0,100,9.08, 9.12, 923.89, 924.62
30.0,78.5,50,8.21, 8.23, 718.19, 718.55
19.0,73.5,100,9.11, 9.15, 927.86, 928.49
12.0,75.0,150,9.4, 9.42, 1068.780029296875, 1068.99
15.5,77.0,100,7.85, 13.99, 1760.36, 3637.68
21.0,79.5,100,5.58, 8.45, 717.37, 877.08
22.5,75.5,50,8.7, 8.72, 780.79, 781.64
21.0,76.5,10,7.15, 7.17, 497.26, 497.58
18.0,76.0,100,9.32, 9.36, 964.72, 965.6
18.5,76.5,10,6.9, 7.03, 495.93, 497.76
17.5,76.0,10,7.38, 7.4, 559.56, 560.5
14.0,76.5,10,7.07, 7.18, 552.33, 555.31
28.0,76.5,50,8.46, 8.48, 728.04, 729.04
24.0,81.0,10,6.58, 6.69, 436.31, 439.74
10.0,76.5,200,8.99, 9.04, 965.28, 965.78
26.5,72.5,100,9.08, 9.09, 878.71, 878.88
34.0,78.0,50,8.37, 8.39, 722.36, 722.54
18.5,81.0,100,8.37, 8.51, 745.73, 752.23
25.5,72.0,150,9.26, 9.29, 941.73, 942.51
21.0,77.0,150,8.84, 9.13, 907.85, 911.02
18.0,73.0,100,9.11, 9.13, 934.46, 935.15
16.5,77.5,10,2.57, 12.02, 715.8, 5268.22
18.0,78.5,200,10.02, 13.51, 2054.06, 3098.77
20.5,73.0,200,9.21, 9.23, 1006.84, 1007.19
23.0,78.0,100,6.25, 7.64, 505.56, 564.66
26.0,80.5,50,7.32, 7.58, 587.23, 597.61
14.0,78.0,10,2.15, 8.29, 327.17, 1545.3
34.0,77.5,100,9.18, 9.19, 849.49, 849.83
14.5,76.5,50,8.4, 8.57, 855.35, 859.36
11.0,78.0,150,8.41, 8.62, 797.09, 798.91
10.0,76.0,100,8.92, 8.95, 915.030029296875, 916.59
20.5,75.5,50,8.62, 8.63, 788.84, 789.9
16.0,76.0,100,9.53, 9.62, 1063.53, 1068.89
15.0,77.5,200,8.15, 17.02, 2955.49, 6354.11
22.5,72.5,50,8.36, 8.37, 762.86, 763.53
19.0,75.0,100,9.4, 9.41, 968.15, 968.83
29.5,77.0,150,9.36, 9.37, 958.29, 958.73
23.0,73.5,10,7.12, 7.13, 509.88, 510.36
19.5,78.5,50,4.8, 5.62, 431.35, 501.77
13.0,78.0,100,8.29, 8.66, 747.62, 752.18
22.5,73.0,200,9.31, 9.33, 1010.51, 1010.81
26.5,79.5,50,5.91, 6.42, 412.38, 422.61
20.0,72.0,200,9.24, 9.28, 1012.73, 1014.12
19.5,74.0,100,9.2, 9.26, 933.39, 934.91
11.0,76.5,150,8.92, 9, 938.4, 940.23
18.0,77.5,200,8.13, 13.28, 2137.04, 3122.03
15.5,75.5,10,7.36, 7.37, 573.94, 575.38
22.0,74.0,200,9.34, 9.4, 1027.01, 1029.89
23.0,79.0,150,7.6, 7.96, 666.33, 667.76
13.5,77.5,150,8.02, 9.02, 896.93, 950.55
29.5,77.5,50,8.39, 8.4, 722.84, 723.34
18.0,76.5,200,9.19, 9.4, 1044.99, 1048
24.0,80.5,200,8.14, 8.2, 740.89, 742.62
20.5,77.0,150,8.84, 9.04, 895.99, 898.55
24.0,75.5,100,9.42, 9.45, 909.87, 910.17
22.5,74.0,200,9.34, 9.38, 1022.9, 1024.61
20.5,78.0,150,7.14, 7.74, 634, 653.63
20.0,80.5,100,6.23, 9.17, 725.07, 1136.35
24.0,77.5,100,8.11, 8.86, 771.3, 893.96
21.0,75.5,10,7.31, 7.33, 518.36, 518.86
29.0,76.5,150,9.38, 9.38, 958.59, 959.57
27.5,81.0,100,8.76, 8.81, 832.04, 834.47
16.0,76.0,200,9.8, 9.9, 1193.82, 1201.67
25.5,79.0,10,5.85, 6.21, 366.86, 371.01
24.5,81.5,200,9.12, 9.12, 950.6900024414062, 951.26
21.0,72.5,50,8.28, 8.31, 767.53, 768.14
25.0,77.5,100,8.91, 9.14, 846.95, 854.08
24.0,79.5,10,6.33, 7.06, 558.39, 600.72
29.0,75.0,150,9.37, 9.4, 952.51, 952.93
11.5,77.0,200,8.6, 8.71, 888.76, 889.84
33.5,78.0,200,9.35, 9.38, 1022.43, 1022.72
20.5,74.0,200,9.38, 9.43, 1049.09, 1053.64
20.0,77.5,10,5.84, 6.06, 353.64, 358.14
25.0,78.5,150,8.73, 8.82, 863.81, 864.98
35.0,78.0,200,9.4, 9.41, 1024.65, 1025.23
20.5,76.0,200,9.57, 9.61, 1109.52, 1109.99
17.5,75.0,10,7.34, 7.34, 553.84, 553.98
19.5,80.5,150,7.66, 8.11, 702.98, 731.2
26.5,79.0,50,7.56, 7.76, 634.39, 638.31
31.0,77.0,100,9.09, 9.12, 847.94, 848.18
23.0,80.5,200,8.01, 8.2, 790, 799.92
26.5,77.5,50,8.35, 8.4, 726.26, 726.88
19.5,74.0,10,7.22, 7.26, 528.19, 528.51
27.0,77.5,50,8.38, 8.4, 725.73, 726.13
15.5,77.5,10,3.47, 9.13, 364.73, 2003.71
27.0,80.0,50,6.64, 8.74, 785.35, 989.75
24.5,74.0,150,9.31, 9.34, 966.82, 967.02
26.5,72.5,200,9.32, 9.34, 979.86, 980.2
17.5,76.0,100,9.39, 9.42, 989.8, 991.9
15.5,77.5,200,6.88, 11.31, 1056.82, 2178.23
23.0,79.5,10,6.16, 7.19, 649.72, 674.2
27.5,81.5,150,9.12, 9.12, 942.07, 942.08
29.0,77.0,50,8.38, 8.4, 724.6, 725.44
17.5,75.0,200,9.72, 9.74, 1146.54, 1147.96
29.0,78.0,150,9.23, 9.26, 964.56, 964.92
24.0,75.5,200,9.78, 9.82, 1113.16, 1114.23
25.5,79.0,100,7.56, 8, 643.86, 651.51
32.0,77.0,100,9.11, 9.12, 844.62, 844.74
22.5,76.0,150,9.63, 9.67, 1042.13, 1042.56
12.0,76.5,50,8.15, 8.22, 771.85, 775.06
16.5,76.0,10,7.49, 7.55, 598.78, 602.55
15.5,78.5,200,6.54, 9.74, 1068.46, 1480.74
32.0,77.0,200,9.4, 9.42, 1003.54, 1004.44
23.0,81.5,200,9.07, 9.07, 938.010009765625, 938.33
23.0,76.0,150,9.65, 9.68, 1040.61, 1041.11
32.5,78.5,200,9.28, 9.3, 1020.35, 1020.81
32.5,77.0,10,7.08, 7.09, 468.56, 468.77
23.5,73.5,150,9.27, 9.29, 967.67, 968.3
25.5,78.0,100,8.73, 8.77, 786.95, 790.56
23.5,77.5,100,8.64, 11.45, 1284.39, 1779.76
10.0,78.0,50,7.72, 7.82, 652.94, 654.14
23.0,75.0,150,9.67, 9.7, 1051.56, 1053.23
18.0,79.5,200,4.14, 7.24, 588.24, 786.95
27.5,79.5,150,8.36, 8.5, 790.09, 801.68
21.0,80.0,100,8.63, 9.58, 1008.83, 1023.53
28.5,75.5,50,8.42, 8.44, 725.65, 726.07
16.5,78.5,100,4.73, 10.27, 1142.01, 2432.83
21.5,79.5,10,4.75, 6.78, 428.82, 549.89
25.5,80.5,150,8.07, 8.29, 729.85, 739.97
24.5,72.0,150,9.19, 9.24, 941.36, 943.24
25.5,74.0,10,7.13, 7.15, 504.64, 504.81
25.0,80.5,150,7.91, 8.16, 689.68, 701.66
22.0,73.5,50,8.36, 8.39, 766.96, 767.31
25.0,72.5,10,7.12, 7.13, 499.93, 500.61
29.5,76.5,50,8.38, 8.39, 719.86, 720.31
25.0,79.5,100,8.3, 9.2, 1008.4, 1132.4
18.0,75.0,200,9.74, 9.77, 1156.68, 1158.11
17.0,75.0,50,8.62, 8.62, 838.05, 838.56
27.5,79.5,50,7.18, 7.43, 568.58, 577.79
31.0,78.5,10,6.96, 6.97, 476.15, 476.41
31.0,78.5,100,8.93, 8.95, 846.82, 847.21
24.0,74.0,150,9.32, 9.37, 967.17, 967.69
31.5,76.5,150,9.33, 9.35, 925.5, 926.56
21.5,78.0,10,4.23, 9.23, 732.65, 1509.19
24.5,75.5,200,9.75, 9.78, 1099.71, 1101.16
13.5,76.5,50,8.28, 8.38, 813.08, 816.28
19.5,81.0,50,7.56, 7.74, 616.77, 622.87
27.0,78.5,200,9.14, 9.19, 990.88, 996.28
24.5,81.0,100,8.51, 8.64, 779.45, 784.45
22.0,80.5,10,5.78, 5.91, 328.87, 332.31
18.0,73.5,200,9.39, 9.42, 1046.76, 1047.24
30.5,78.5,50,8.19, 8.24, 717.05, 717.39
25.5,80.5,50,7.1, 7.43, 556.06, 566.9
14.5,77.0,10,6.17, 7.06, 552.35, 584.14
20.5,81.0,150,8.26, 8.47, 766.97, 775.59
26.5,75.0,100,9.19, 9.21, 881.99, 882.25
21.5,75.5,10,7.32, 7.34, 518.33, 518.59
23.0,78.5,100,8.16, 8.36, 731.76, 735.67
21.5,75.5,100,9.36, 9.38, 929.52, 930.11
32.5,76.5,50,8.36, 8.38, 708.4, 708.78
26.5,75.5,200,9.6, 9.62, 1041.47, 1042.71
18.0,72.5,10,7.19, 7.2, 529.8800048828125, 530.09
25.0,76.0,200,9.69, 9.71, 1091.79, 1093.57
27.5,78.0,200,9.26, 9.29, 1019.24, 1020.67
31.0,76.5,10,7.08, 7.1, 468.94, 469.11
23.0,81.0,100,8.42, 8.56, 759.29, 764.92
11.0,76.0,150,9.09, 9.13, 993.3800048828125, 995.81
16.5,77.0,10,4.68, 9.64, 450.35, 1818.34
27.5,77.0,200,9.5, 9.54, 1062.98, 1063.84
14.5,75.5,10,7.33, 7.34, 578.23, 578.57
20.0,81.0,150,8.3, 8.53, 775.82, 785.06
12.5,76.0,50,8.37, 8.41, 833.5, 834.53
24.5,80.5,50,6.88, 7.11, 499.88, 509.14
26.0,76.0,100,9.29, 9.3, 879, 879.6
23.5,74.5,50,8.45, 8.51, 756.91, 757.28
19.0,78.0,50,5.8, 7.35, 596.02, 664.57
16.5,78.5,200,5.83, 10.63, 1493.45, 2484.6
23.0,75.5,100,9.45, 9.47, 922.26, 922.99
26.0,81.0,200,8.77, 8.86, 910.61, 915.06
33.5,78.5,200,9.31, 9.31, 1020.07, 1020.57
23.5,72.0,200,9.19, 9.26, 978.72, 981
30.0,76.5,50,8.37, 8.38, 716.02, 716.23
19.0,77.5,50,7.06, 7.13, 546.9, 548.75
18.0,74.5,100,9.32, 9.37, 960.13, 961.82
25.5,81.0,50,7.88, 8, 677.2, 681.21
28.0,75.5,10,7.16, 7.17, 478.94, 479.3
27.0,81.0,50,8, 8.06, 700, 702.38
20.0,75.0,150,9.67, 9.68, 1086.3, 1086.68
20.0,75.5,10,7.32, 7.33, 524.66, 525.53
12.0,78.5,10,5.13, 5.73, 395.51, 435.2
19.5,76.0,200,9.57, 9.62, 1107.93, 1108.5
24.5,78.5,200,8.76, 8.89, 905.25, 906.48
19.5,74.5,200,9.69, 9.78, 1140.56, 1145.16
29.5,75.0,150,9.39, 9.39, 949.2999877929688, 949.61
21.5,74.5,50,8.53, 8.57, 768.91, 769.64
19.0,80.5,10,5.47, 5.81, 316.05, 322
10.5,77.5,50,7.77, 7.79, 654.8, 655.26
18.5,73.5,100,9.11, 9.13, 932.07, 932.72
27.5,78.0,10,7, 7.02, 477.31, 477.87
15.0,78.5,200,5.63, 6.3, 496.88, 526.59
21.5,74.5,150,9.51, 9.56, 1022.26, 1024.85
20.5,78.5,150,6.89, 8.73, 777.66, 906.05
21.0,72.5,150,9.16, 9.18, 967.14, 967.66
19.0,73.5,150,9.3, 9.33, 1002.08, 1002.76
23.0,80.0,200,8.78, 10.57, 1301.16, 1733.1
21.0,74.0,50,8.37, 8.4, 766.51, 767.28
22.0,77.5,10,4.24, 9.27, 639.27, 1716.88
17.0,76.0,200,9.78, 9.84, 1166.9, 1172.35
15.0,75.0,200,9.56, 9.61, 1114.74, 1115.71
32.0,78.0,100,9.04, 9.07, 855.07, 855.2
13.5,78.5,50,5.9, 12.33, 1322.24, 3118.3
22.5,80.5,10,5.68, 5.88, 328.86, 336.01
31.0,78.0,10,7.03, 7.06, 480.19, 480.48
28.0,78.5,10,6.88, 6.93, 470.07, 470.29
14.0,77.0,200,8.66, 9.02, 1034.27, 1067.12
14.0,77.0,10,6.16, 6.75, 482.25, 489.73
35.5,77.5,50,8.47, 8.5, 715.530029296875, 716.14
12.0,77.5,150,8.41, 8.71, 806.98, 819.46
15.5,77.0,200,9.93, 14.41, 2412.34, 3704.63
18.5,76.0,10,7.28, 7.3, 535.85, 536.52
15.0,77.0,200,10.07, 10.68, 2112.14, 2177.89
20.5,79.0,200,6.33, 9.56, 1198.57, 1389.63
25.0,75.5,10,7.29, 7.31, 495.26, 496.03
22.5,73.5,50,8.37, 8.39, 766.78, 767.2
23.5,74.0,50,8.41, 8.44, 762.38, 762.62
18.0,74.0,10,7.25, 7.28, 535.62, 536.18
31.5,78.0,10,7.03, 7.05, 479.39, 479.55
24.0,81.0,100,8.49, 8.61, 770.97, 777.36
30.5,78.5,10,6.94, 6.97, 475.29, 475.55
24.0,72.0,150,9.16, 9.21, 940.49, 942.36
28.5,77.5,10,7.09, 7.11, 477.98, 478.13
15.5,76.5,10,7.37, 7.49, 598.43, 599.82
18.0,80.0,50,5.9, 7.34, 527.08, 563.37
26.5,76.0,100,9.26, 9.27, 872.63, 873.22
22.0,76.5,50,8.51, 8.52, 756.76, 757.01
16.5,75.0,200,9.65, 9.66, 1127.24, 1128.14
21.5,81.5,200,9.04, 9.05, 921.84, 922.17
27.5,77.5,50,8.39, 8.42, 726.38, 726.89
22.0,72.5,150,9.2, 9.22, 964.02, 964.69
25.5,78.5,150,8.79, 8.88, 873.39, 875.51
19.5,78.0,50,6.34, 6.76, 459.61, 461.72
25.5,76.0,100,9.32, 9.34, 886.64, 887.22
20.5,75.0,50,8.67, 8.68, 797.85, 798.31
19.5,80.0,50,4.9, 7.74, 747.01, 918.89
21.0,76.5,100,9.15, 9.17, 889, 889.42
21.0,73.5,50,8.32, 8.34, 768.31, 768.56
26.0,76.5,10,7.23, 7.24, 484.47, 484.92
29.5,78.5,100,8.92, 8.94, 843.54, 844.24
29.5,77.5,200,9.4, 9.44, 1029.43, 1029.63
21.5,81.0,100,8.28, 8.46, 728.41, 735.95
26.5,81.5,50,8.29, 8.29, 732.87, 733.37
23.0,74.5,10,7.19, 7.23, 502.58, 502.82
23.5,79.5,200,11.63, 12.21, 2123.34, 2168.47
31.5,77.5,200,9.37, 9.38, 1017.35, 1017.54
15.5,76.0,150,9.68, 9.75, 1139.9, 1147.13
27.5,75.0,100,9.18, 9.21, 881.25, 881.65
25.0,74.5,200,9.4, 9.46, 1020.57, 1023.1
21.0,75.5,200,9.7, 9.72, 1146.45, 1147.08
29.0,77.5,150,9.33, 9.36, 965.9, 966.48
21.0,81.0,200,8.32, 8.53, 807.73, 815.42
26.5,75.0,200,9.5, 9.54, 1025.45, 1026.52
24.5,79.5,200,11.46, 12.03, 2013.5, 2034.24
21.0,77.5,10,3.22, 8.58, 583.77, 1531.98
24.5,72.0,50,8.33, 8.38, 747.46, 748.39
32.5,77.5,100,9.11, 9.12, 847.56, 847.87
28.0,77.5,50,8.38, 8.41, 726.9, 727.15
27.5,75.5,100,9.2, 9.21, 863.32, 863.56
13.0,75.0,10,7.28, 7.29, 572.17, 572.93
22.0,81.0,50,7.68, 7.82, 632.51, 637.15
17.5,77.0,50,6.73, 7.28, 569.03, 574.22
14.5,76.5,150,9.31, 9.5, 1088.51, 1094.94
14.5,78.5,100,4.02, 4.53, 203.35, 224.22
19.0,81.5,10,6.91, 6.92, 459.8399963378906, 459.85
24.0,80.0,50,7.47, 8.24, 807.11, 841.93
20.5,77.5,10,5.31, 5.75, 319.07, 322.19
24.0,74.5,200,9.45, 9.54, 1041.75, 1044.53
33.5,77.5,50,8.41, 8.43, 715.23, 716.13
23.0,73.0,10,7.09, 7.11, 511.36, 511.71
13.0,75.0,200,9.49, 9.5, 1115.34, 1116.73
22.5,79.0,200,7.68, 8.13, 747.29, 750.97
21.0,80.0,200,10.24, 11.34, 1643.31, 1655.63
20.0,79.0,150,5.94, 6.68, 512.62, 574.76
33.0,77.0,200,9.42, 9.44, 1001.68, 1002.64
12.0,76.0,150,9.15, 9.18, 1020.39, 1021.95
24.0,78.0,100,7.58, 7.93, 589.18, 602.51
26.0,81.5,50,8.29, 8.29, 730.530029296875, 730.58
21.0,79.0,100,6.16, 6.94, 466.18, 560.32
25.5,80.0,150,10.59, 11.39, 1535.52, 1549.64
24.0,79.0,100,7.2, 7.77, 588.02, 590.28
23.5,79.5,10,6.48, 7.24, 622.06, 652.09
22.0,81.5,150,9.02, 9.03, 890.0499877929688, 890.12
25.0,74.0,200,9.38, 9.41, 1007.3, 1007.92
23.0,78.0,200,8.55, 9.34, 930.72, 966.04
19.0,79.5,150,6.74, 6.99, 516.35, 522.33
20.0,72.5,10,7.08, 7.09, 517.9400024414062, 518.37
32.5,76.0,150,9.27, 9.29, 907.4600219726562, 907.88
31.5,76.0,150,9.27, 9.29, 909.3800048828125, 910.05
22.0,79.0,50,6.31, 6.75, 448.65, 454.3
28.5,78.5,150,9.12, 9.15, 942.65, 943.29
19.5,75.5,150,9.66, 9.68, 1077.26, 1078.45
18.0,78.5,50,7.02, 12.19, 1191.81, 2958.65
27.5,72.0,100,9.16, 9.18, 880.44, 881.06
27.0,79.5,200,8.22, 8.37, 808.91, 817.88
29.0,76.0,50,8.4, 8.41, 713.05, 713.4
18.5,73.0,100,9.1, 9.11, 929.01, 929.45
23.5,81.5,10,6.96, 6.96, 468.4800109863281, 468.7
21.0,76.0,10,7.23, 7.26, 508.06, 508.88
24.0,78.0,10,5.73, 6.09, 330.64, 339.02
22.0,78.5,10,4.15, 5.9, 329.83, 459.49
19.0,75.0,150,9.69, 9.7, 1096.06, 1096.51
19.0,76.5,150,9.1, 9.23, 967.84, 968.67
17.0,78.0,50,4.37, 10.99, 1150.29, 2409.04
24.5,77.0,10,7.25, 7.27, 496.44, 496.9
23.5,81.0,10,6.54, 6.66, 433.03, 436.23
27.5,76.0,10,7.17, 7.17, 473.29, 473.75
20.0,73.0,50,8.3, 8.31, 773.29, 773.85
12.0,78.0,10,6.34, 6.64, 403.92, 405.18
22.5,80.5,200,8.02, 8.09, 774.87, 794.47
17.0,75.5,150,9.57, 9.59, 1069.69, 1070.71
19.5,74.0,200,9.53, 9.58, 1086.17, 1090.34
21.5,78.5,10,3.87, 5.14, 274.86, 297.23
26.5,78.0,100,8.89, 8.94, 827.71, 828.84
21.0,73.5,100,9.01, 9.03, 898.31, 898.55
23.5,72.0,50,8.29, 8.32, 748.63, 750.06
22.0,79.0,150,7.27, 7.69, 629.27, 637.56
21.5,76.5,10,7.18, 7.19, 497.86, 498.27
21.5,77.5,150,7.46, 11.03, 1365.21, 1605.65
28.0,76.5,150,9.43, 9.45, 974.3, 976.34
10.0,78.0,150,8.51, 8.62, 816.68, 818.04
18.5,74.5,100,9.29, 9.35, 958.18, 960.88
22.5,81.5,100,8.92, 8.93, 830.7899780273438, 830.86
11.5,77.5,50,7.7, 7.82, 637.16, 638.47
16.0,78.5,50,2.7, 7.06, 568.08, 913.22
18.0,75.5,50,8.61, 8.62, 819.17, 819.94
19.0,72.0,100,9.09, 9.11, 925.55, 926.07
30.0,78.5,10,6.95, 6.96, 475.77, 476.03
21.0,74.0,10,7.11, 7.13, 509.33, 509.58
15.0,76.0,10,7.45, 7.49, 599.44, 601.09
24.5,76.5,200,9.68, 9.73, 1100.34, 1104.51
23.0,73.5,100,9.08, 9.11, 898.87, 899.22
20.0,80.0,100,8.33, 9.88, 1064.93, 1146.09
18.0,77.0,200,8.38, 8.57, 849.45, 855.66
32.0,76.0,10,7.07, 7.09, 466.04998779296875, 466.3
32.0,78.5,100,8.97, 8.98, 849.53, 849.85
19.0,78.5,50,4.61, 5.09, 362.52, 402.46
14.5,77.5,200,6.38, 8.68, 915.58, 1042.65
19.5,72.5,200,9.35, 9.36, 1023.5999755859375, 1023.93
25.5,74.0,200,9.35, 9.39, 1003.95, 1004.59
27.0,72.5,50,8.37, 8.39, 745.85, 746.06
26.5,77.0,50,8.54, 8.55, 747.28, 747.84
24.5,77.5,150,9.22, 9.36, 941.83, 946.67
19.0,80.0,50,4.08, 6.48, 543.65, 666.59
23.0,72.5,150,9.25, 9.27, 960.19, 961.12
27.5,79.0,50,7.89, 7.96, 671.31, 673.54
26.0,80.5,150,8.23, 8.41, 762.74, 772.56
12.5,78.5,100,5.65, 11.38, 981.76, 2393.89
26.5,76.5,100,9.27, 9.29, 875.02, 875.2
18.5,77.5,50,6.58, 6.91, 521.58, 537.6
21.5,76.0,10,7.27, 7.29, 505.66, 506.07
20.0,81.5,10,6.9, 6.91, 455.20001220703125, 455.36
25.0,81.5,50,8.27, 8.27, 720.8699951171875, 721.2
27.0,80.5,150,8.64, 8.7, 836.54, 840.88
16.0,76.5,50,8.45, 8.82, 887.44, 931.17
14.0,75.5,200,9.47, 9.51, 1117.57, 1118.11
21.5,79.0,10,5.11, 5.33, 275.11, 276.01
18.5,78.5,50,3.62, 8.04, 692.97, 1176.15
27.5,80.5,50,7.88, 7.95, 667.4, 670.7
23.5,78.0,10,5.18, 5.73, 301.46, 304.49
21.0,78.5,100,5.79, 8.6, 628.48, 952.12
25.0,81.5,150,9.12, 9.12, 919.1199951171875, 919.81
30.0,77.0,10,7.09, 7.11, 474.04, 474.27
23.5,76.5,10,7.26, 7.28, 495, 495.32
20.5,72.0,50,8.27, 8.3, 769.46, 770.06
13.5,76.0,50,8.51, 8.56, 861.91, 863.09
24.0,73.5,200,9.35, 9.39, 1007.33, 1007.84
30.5,78.0,50,8.3, 8.31, 726.95, 727.56
23.0,76.5,100,9.28, 9.32, 894.89, 895.36
20.0,80.5,200,7.28, 9.45, 919.03, 1250.76
23.5,76.0,10,7.33, 7.34, 498.31, 498.59
21.0,78.0,200,8.45, 11.85, 1744.09, 2358.75
22.5,78.0,50,5.39, 8.77, 692.46, 985.06
15.5,75.5,100,9.35, 9.36, 1011.08, 1012.87
34.0,78.0,150,9.31, 9.33, 955.74, 955.93
23.0,76.0,10,7.33, 7.35, 500.26, 501
11.5,76.5,50,8.1, 8.18, 761.27, 763.13
22.5,77.5,200,8.81, 9.17, 1113.9, 1200.84
19.5,76.5,50,8.22, 8.31, 742.68, 743.26
14.0,78.5,100,4.86, 9.3, 744.11, 1532.96
23.0,79.0,10,5.51, 5.93, 323.27, 323.94
14.0,77.0,100,7.95, 8.63, 852.33, 868.08
27.5,76.0,100,9.21, 9.21, 855.02, 855.28
22.0,77.0,10,6.69, 6.89, 437.05, 439.95
34.5,78.0,200,9.38, 9.39, 1022.82, 1023.05
13.0,78.5,200,5.16, 9.06, 840.42, 1683.47
19.5,79.0,50,5.06, 6.64, 573.6, 674.94
28.5,76.0,50,8.39, 8.41, 713.77, 714.32
18.5,78.0,200,7.81, 10.65, 1402.02, 1649.61
20.5,81.5,150,8.98, 8.98, 876.13, 876.22
30.0,76.0,50,8.37, 8.4, 713.15, 713.24
22.0,78.0,150,8.57, 11.84, 1294.01, 1778.6
26.5,76.0,10,7.21, 7.22, 483.54, 483.81
22.5,78.5,10,5.8, 6.31, 391.13, 400.26
34.5,78.0,100,9.11, 9.14, 855.67, 856.15
26.0,80.0,50,8.66, 9.23, 943.85, 960.87
17.0,75.0,150,9.55, 9.57, 1073.16, 1074.21
18.5,74.5,200,9.77, 9.84, 1158.12, 1162.86
20.0,72.5,100,9.03, 9.05, 907.97998046875, 908.71
20.0,76.0,150,9.45, 9.5, 1031.52, 1032.18
13.0,77.5,10,6.2, 6.86, 430.4, 452.23
19.0,81.5,50,8.17, 8.18, 696.1199951171875, 696.23
16.0,75.5,50,8.65, 8.67, 855.79, 857.1
23.0,72.0,50,8.27, 8.31, 750.17, 751.19
10.5,76.0,200,9.18, 9.19, 1024.47998046875, 1028.39
13.5,78.0,50,6.71, 7.64, 592.25, 612.31
20.0,77.0,10,6.64, 6.79, 440.01, 441.46
31.5,78.5,100,8.96, 8.97, 849.63, 849.94
32.5,77.0,100,9.1, 9.12, 843.46, 843.65
12.5,76.0,150,9.19, 9.22, 1033.77, 1035.12
27.5,76.0,200,9.54, 9.56, 1025.43, 1026.99
23.5,74.5,150,9.43, 9.51, 992.4, 995.35
15.5,78.0,10,2.93, 11.64, 1684.45, 4058.68
25.0,78.0,50,7.87, 7.94, 641.92, 647.99
11.0,77.0,50,7.76, 7.85, 680.9, 681.37
15.5,77.5,100,5.87, 10.48, 655.47, 1802.5
21.0,73.5,10,7.07, 7.08, 511.92, 512.19
26.5,72.0,200,9.38, 9.39, 978.45, 978.81
25.0,72.0,10,7.1, 7.12, 495.34, 496.03
23.0,77.5,10,4.43, 5.91, 366.05, 458.45
22.0,73.0,50,8.3, 8.31, 767.39, 767.61
19.5,76.5,150,9.15, 9.27, 971.49, 973.15
18.5,75.5,50,8.63, 8.64, 810.79, 812
25.0,79.0,50,6.78, 7.19, 523.8, 526.02
13.0,77.0,150,8.42, 8.64, 871.04, 873.68
21.5,74.0,150,9.28, 9.31, 980.65, 982
11.5,78.0,50,7.56, 7.78, 620.15, 621.77
30.0,75.5,150,9.33, 9.34, 925.3800048828125, 925.58
34.5,77.5,200,9.45, 9.47, 1020.06, 1020.79
25.0,77.0,200,9.61, 9.63, 1088.57, 1089.11
23.0,75.0,10,7.36, 7.38, 513.65, 514.03
28.0,75.0,10,7.17, 7.18, 495.14, 495.62
33.5,77.5,150,9.35, 9.37, 952.47, 952.79
22.5,77.5,10,4.91, 5.35, 357.08, 397.81
21.5,81.0,200,8.39, 8.57, 821.9, 829.55
23.5,80.0,200,8.68, 11.22, 1722.29, 1819.63
35.0,77.5,150,9.41, 9.43, 954.52, 955.17
23.0,75.0,100,9.42, 9.45, 924.24, 925.18
17.0,78.0,150,6.78, 12.32, 1669.63, 2533.18
27.0,81.5,50,8.28, 8.28, 735.42, 735.88
22.5,76.5,50,8.53, 8.55, 753.21, 753.57
28.5,77.0,10,7.12, 7.14, 480.66, 480.89
18.5,74.0,10,7.25, 7.28, 533.72, 534.08
28.0,76.0,50,8.44, 8.45, 716.08, 716.26
21.0,77.0,10,6.7, 6.92, 442.28, 442.8
26.5,78.0,200,9.16, 9.21, 990.48, 991.9
17.0,77.0,100,7.88, 12.42, 1110.43, 2400.7
23.0,76.5,10,7.24, 7.27, 496.39, 496.66
25.0,77.0,100,9.31, 9.32, 897.49, 897.98
20.0,74.5,50,8.56, 8.59, 787.68, 788.98
15.0,78.0,200,6.34, 11.3, 1412.57, 1983.06
22.0,76.0,50,8.61, 8.63, 768.17, 768.75
19.0,79.0,50,2.95, 4.48, 296.63, 340.49
21.5,72.5,50,8.3, 8.32, 766.5, 766.71
22.0,81.5,200,9.06, 9.07, 926.9299926757812, 927.03
35.0,78.5,50,8.29, 8.34, 726.33, 726.64
22.5,72.5,150,9.23, 9.25, 962.84, 963.53
26.5,77.5,150,9.32, 9.38, 969.07, 970.19
24.5,74.5,10,7.14, 7.16, 500.55, 500.85
23.5,75.5,100,9.45, 9.47, 916.29, 916.99
15.5,75.0,10,7.33, 7.36, 567.85, 568.32
21.0,79.0,200,6.82, 7.74, 684.54, 761.1
34.5,78.5,200,9.31, 9.34, 1023.81, 1024.5
18.5,77.0,50,7.53, 7.68, 626.22, 630.35
25.5,77.0,200,9.61, 9.63, 1083.28, 1083.82
13.5,75.5,50,8.53, 8.58, 861.9, 862.94
25.0,75.5,200,9.71, 9.75, 1085.57, 1086.34
24.0,72.5,10,7.13, 7.13, 503.7, 504.13
19.0,81.0,50,7.62, 7.78, 626.58, 632.24
16.5,76.5,200,9.99, 11.72, 1639.56, 1851.19
25.5,75.5,50,8.57, 8.6, 746.87, 747.43
26.0,76.5,200,9.6, 9.64, 1074.78, 1075.52
15.5,78.5,10,2.11, 8.33, 459.82, 1648.94
15.0,77.0,100,9.03, 9.8, 1578.88, 1637
20.5,73.0,50,8.25, 8.26, 767.55, 767.8
14.0,76.5,100,9, 9.12, 973.13, 978.21
11.0,77.0,150,8.56, 8.65, 848.48, 848.84
18.0,76.0,200,9.65, 9.68, 1117.07, 1118.61
19.0,73.0,10,7.13, 7.16, 527.04, 527.4
22.5,79.5,10,5.67, 7.04, 597.96, 663.58
31.0,78.5,200,9.23, 9.24, 1017.73, 1018.05
34.0,78.5,10,7, 7.01, 477.6, 477.76
17.0,77.0,200,9.97, 13, 1718.9, 2564.22
29.0,75.5,10,7.1, 7.13, 478.79, 479.18
22.5,75.0,50,8.7, 8.72, 784.43, 785.47
30.0,77.5,10,7.09, 7.1, 476.58, 477.03
14.5,76.0,150,9.55, 9.6, 1113.42, 1117.67
24.0,77.5,200,9.67, 10.36, 1195.76, 1376.73
31.0,78.0,100,9.02, 9.06, 857.35, 857.46
19.5,80.0,10,3.15, 6.24, 445.2, 597.01
19.5,80.5,10,5.16, 5.83, 328.8, 333.93
24.0,76.5,200,9.66, 9.7, 1093.9, 1094.85
21.0,79.5,200,7.35, 10.19, 1235.31, 1332.17
31.0,78.0,50,8.3, 8.34, 726.51, 726.75
24.0,80.5,50,6.81, 7.06, 496.33, 503.28
19.0,80.5,100,7.18, 7.52, 547.84, 558.91
16.5,78.5,50,3.63, 10.22, 1049.39, 2828.75
25.5,72.0,10,7.13, 7.14, 494.95, 495.69
27.0,77.0,50,8.52, 8.54, 744.29, 744.63
24.5,76.5,100,9.36, 9.4, 893.3, 895.86
24.5,79.5,100,9.42, 10.01, 1187.54, 1202.94
14.5,77.0,100,8.02, 9.03, 990.01, 1050.11
34.0,78.5,150,9.24, 9.25, 954.78, 955.2
27.0,77.5,150,9.31, 9.38, 969.51, 970.79
25.5,72.5,200,9.33, 9.35, 983.02, 983.45
20.0,78.5,10,4.93, 5.3, 359.81, 384.95
21.0,80.5,50,6.28, 6.66, 439.97, 451.4
21.5,73.0,150,9.15, 9.17, 964.54, 964.94
21.5,72.5,150,9.17, 9.18, 965.7, 966.62
18.0,80.0,150,7.96, 8.91, 848.8, 897.14
19.5,72.0,100,9.07, 9.1, 920.47, 920.96
25.0,81.0,150,8.66, 8.79, 853.63, 858.56
16.5,77.5,100,5.67, 11.7, 1006.8, 2407.67
28.0,75.0,50,8.46, 8.47, 748.56, 749.02
26.0,78.5,50,7.92, 7.99, 678.93, 681.08
13.0,76.5,100,8.93, 8.97, 934.99, 938.7
15.5,78.5,100,4.94, 8.83, 686.34, 1171.91
24.5,75.0,200,9.66, 9.67, 1081.06, 1083.62
24.0,79.5,100,9.63, 10.3, 1293.7, 1336.31
12.5,75.0,150,9.42, 9.43, 1070.43, 1071.24
32.5,78.0,10,7.05, 7.06, 476.5, 476.6
22.5,73.0,50,8.33, 8.34, 768.01, 768.41
24.5,73.5,200,9.37, 9.38, 1003.36, 1003.92
31.0,76.5,100,9.1, 9.12, 843.68, 843.94
29.5,75.5,10,7.12, 7.13, 478.93, 479.32
20.5,78.5,10,3.29, 5.54, 259.04, 368.96
26.0,77.5,150,9.3, 9.4, 970.48, 970.88
26.0,77.5,50,8.34, 8.41, 727.02, 727.39
15.0,76.5,10,7.25, 7.43, 589.62, 592.03
20.0,72.5,200,9.28, 9.29, 1014.75, 1014.99
18.5,81.5,150,9.02, 9.02, 894.9299926757812, 894.93
21.0,75.5,100,9.34, 9.36, 929.26, 929.85
25.0,78.0,150,8.84, 8.89, 852.09, 858.74
10.5,76.0,10,7, 7.02, 524.6500244140625, 526.66
23.5,81.0,200,8.56, 8.73, 863.38, 869.1
29.0,76.0,150,9.33, 9.35, 932.84, 934.01
20.5,80.5,10,5.03, 5.55, 288.16, 299.19
10.0,78.5,50,7.56, 7.65, 662.02, 667.91
20.5,75.5,150,9.62, 9.63, 1068.97, 1069.57
19.0,74.5,150,9.65, 10.08, 1095.18, 1168.26
11.0,77.5,50,7.73, 7.8, 646.16, 646.77
19.0,72.5,200,9.38, 9.39, 1028.699951171875, 1029.07
10.0,76.0,200,9.16, 9.19, 1019.3699951171875, 1021.88
23.5,73.0,150,9.22, 9.23, 966.4500122070312, 966.87
25.0,72.5,100,9.08, 9.1, 883.56, 884.09
24.0,74.5,10,7.15, 7.2, 500.6, 501.03
18.5,73.5,200,9.38, 9.4, 1045.03, 1046.09
18.0,81.0,50,7.78, 7.9, 647.2, 652.23
17.5,78.0,100,4.45, 12.1, 1380.31, 2119.52
13.5,77.0,150,8.31, 8.69, 891.15, 896.73
14.5,75.0,100,9.29, 9.32, 1002.52, 1004.26
17.5,78.0,150,5.46, 12.82, 1724.68, 2387.66
25.0,75.0,100,9.26, 9.3, 895.14, 895.59
12.5,75.5,200,9.37, 9.4, 1100.54, 1102.01
27.0,79.0,200,8.69, 8.84, 918.4, 922.34
21.5,78.5,100,5.98, 7.21, 589.88, 613.25
15.5,76.0,10,7.48, 7.53, 602.34, 605.18
22.0,80.0,10,3.23, 5.68, 398.39, 575.82
32.0,78.0,200,9.3, 9.31, 1026.08, 1026.38
26.5,72.0,100,9.15, 9.17, 878.71, 878.95
14.5,77.5,100,4.93, 7.89, 631.26, 719.25
17.5,76.5,100,8.87, 9.26, 931.41, 940.66
29.5,77.5,10,7.1, 7.11, 476.24, 476.65
23.0,78.5,200,8.58, 8.68, 871.2, 872.31
19.5,78.5,150,6.3, 7.24, 746.04, 851.32
22.5,77.0,150,9.11, 9.26, 942.44, 947.58
24.0,78.5,150,8.67, 8.74, 843.59, 844.84
10.5,78.0,200,8.54, 8.73, 840.92, 841.58
22.0,81.5,10,6.91, 6.92, 460.8500061035156, 460.86
23.5,76.5,150,9.56, 9.6, 1016.22, 1016.89
24.0,73.5,10,7.13, 7.14, 507.36, 507.91
22.0,72.0,150,9.08, 9.13, 951.03, 953.25
16.0,78.0,150,6, 11.76, 1057.46, 2286.65
23.5,75.0,10,7.33, 7.35, 510.22, 510.8
25.5,74.5,100,9.11, 9.16, 885.01, 885.65
24.5,79.0,100,7.25, 7.82, 601, 603.18
19.5,79.5,150,6.04, 7.18, 573.97, 582.58
26.0,79.5,50,4.94, 5.75, 338.76, 345.66
33.0,76.5,50,8.39, 8.42, 706.2, 706.46
22.0,80.5,200,7.94, 8.04, 737.49, 743.16
20.0,77.5,100,7.56, 7.84, 621.6, 628.33
16.0,77.0,200,8.33, 14.93, 1725.96, 4074.72
18.5,76.0,100,9.28, 9.32, 950.49, 951.77
27.0,81.0,150,8.82, 8.9, 891.62, 894.9
21.0,75.0,10,7.37, 7.38, 524.39, 524.54
33.0,77.5,100,9.13, 9.14, 848.61, 848.79
19.5,78.0,150,7.22, 7.57, 621.2, 627.08
10.0,77.0,150,8.62, 8.7, 853.89, 855.25
17.5,77.0,150,7.84, 8.43, 800.69, 812.56
17.5,78.5,150,6.06, 12.28, 2260.79, 3626
21.5,80.0,200,8.38, 11.2, 1679.79, 1744.45
16.5,76.0,100,9.51, 9.57, 1056.66, 1064.16
26.5,78.5,200,9.06, 9.1, 975.19, 979.56
29.5,76.0,150,9.31, 9.32, 925.45, 926.62
20.5,73.5,50,8.31, 8.34, 770.49, 770.9
27.0,76.0,200,9.57, 9.58, 1041.43, 1042.74
27.0,78.5,50,8.08, 8.15, 702.49, 702.9
20.5,72.5,150,9.17, 9.18, 969.6099853515625, 970.27
21.5,77.0,150,8.95, 9.2, 921.72, 923.36
12.5,77.5,200,8.34, 8.82, 862.36, 889.45
22.0,75.5,10,7.35, 7.38, 516.41, 517.04
30.5,76.0,50,8.37, 8.39, 712.8800048828125, 713.31
18.0,72.5,100,9.16, 9.18, 931.280029296875, 931.73
25.0,80.0,150,10.69, 11.06, 1463.47, 1491.35
23.5,75.5,10,7.38, 7.4, 505.63, 506.12
24.0,72.0,50,8.32, 8.34, 748, 749.2
26.5,80.0,50,8.66, 9.26, 1056.17, 1081.22
20.5,77.0,10,6.69, 6.87, 443.54, 444.08
28.5,75.5,150,9.35, 9.37, 935.75, 936.89
22.0,73.5,150,9.26, 9.29, 970.89, 971.19
14.5,76.0,50,8.7, 8.73, 891.61, 894.3
25.5,79.5,150,8.02, 9.01, 997.48, 1093.35
30.5,77.0,10,7.08, 7.09, 473.51, 473.92
12.0,78.5,100,7.18, 7.64, 708.37, 779.95
32.5,78.5,100,8.98, 8.99, 850.12, 850.48
18.5,74.5,10,7.21, 7.32, 537.42, 539.75
18.5,80.5,50,6.7, 7.12, 494.02, 506.49
25.5,76.0,200,9.67, 9.68, 1081.73, 1082.56
24.0,72.5,50,8.39, 8.4, 758.55, 758.9
18.0,72.0,10,7.16, 7.17, 529.2899780273438, 529.8
21.0,78.0,10,3.66, 9.42, 666.39, 1788.91
24.5,81.5,50,8.26, 8.26, 716.6599731445312, 716.66
24.5,80.5,150,7.87, 8.07, 674.09, 683.75
19.0,75.5,50,8.63, 8.66, 807.06, 807.71
30.0,76.5,150,9.33, 9.35, 939.37, 940.41
20.5,76.0,50,8.5, 8.54, 772.71, 772.99
31.0,77.0,200,9.41, 9.43, 1008.51, 1010.35
19.5,81.5,50,8.16, 8.18, 692.75, 692.83
26.5,81.0,200,8.8, 8.88, 920.88, 925.23
17.0,78.5,150,5.59, 11.51, 1912.25, 3505.56
12.0,77.0,50,7.73, 7.83, 680.48, 682.88
23.5,77.0,100,8.79, 9.07, 843.7, 846.55
20.0,73.5,150,9.21, 9.27, 984.82, 986.38
23.5,81.5,100,8.96, 8.96, 837.7899780273438, 837.93
35.5,78.5,50,8.31, 8.38, 729.06, 729.87
18.0,73.5,50,8.43, 8.45, 801.78, 802.1
19.0,72.0,200,9.32, 9.34, 1026.93, 1027.63
29.0,78.5,10,6.93, 6.96, 474.26, 474.43
21.5,74.0,50,8.36, 8.39, 764.96, 765.21
28.5,75.0,50,8.45, 8.47, 749.54, 750.14
33.5,78.5,50,8.26, 8.28, 720.97, 721.31
24.5,76.0,100,9.39, 9.4, 897.84, 898.33
18.0,81.0,150,8.63, 8.74, 828.31, 834.47
19.5,75.0,150,9.71, 9.72, 1093.19, 1093.56
21.5,72.0,50,8.25, 8.28, 760.5, 761.41
23.0,81.0,200,8.54, 8.68, 856.92, 862.73
26.0,72.5,10,7.11, 7.11, 498.04, 498.33
29.0,77.0,150,9.33, 9.37, 964.51, 965.45
24.5,78.0,100,8.06, 8.26, 659.29, 671.04
25.5,74.5,10,7.12, 7.16, 499.55, 499.77
23.5,81.5,200,9.08, 9.08, 942.0399780273438, 942.04
26.5,76.5,200,9.58, 9.6, 1067.64, 1068.06
25.0,81.0,50,7.84, 7.96, 670.91, 674.56
11.5,76.0,50,8.28, 8.35, 809.5, 811.12
31.5,77.0,100,9.11, 9.13, 846.49, 846.58
35.0,77.5,50,8.47, 8.49, 715.14, 715.71
10.5,76.0,100,8.92, 8.95, 919.6400146484375, 922.37
11.5,78.5,10,4.95, 5.66, 334.31, 346.75
24.0,76.0,10,7.33, 7.34, 497.86, 498.21
26.0,72.0,150,9.28, 9.3, 942.01, 942.95
18.5,79.0,200,4.86, 8.54, 1117.38, 1292.33
18.5,79.0,100,3.52, 6.6, 722.35, 886.8
11.0,78.5,10,3.1, 14.45, 1338.27, 5168.82
29.0,78.5,200,9.17, 9.2, 1008.01, 1008.99
13.5,75.5,150,9.34, 9.38, 1069.62, 1070.42
17.5,76.5,150,9.14, 9.54, 1027.4, 1040.16
19.5,81.5,150,9.01, 9.01, 884.510009765625, 884.52
